question,answer
安徽财经大学的中外合作专业怎么样（待遇以及费用）？,劝你别报……学校都不是特别好，有的时候何必两年50万没了且国内并不认可这个……当然如果家里钱多或者人生目标不功利的可以考虑
安徽省高考4000名上西北工业大学亏不亏？, 看看现在的时间，题主应该志愿已经填过了吧？不过作为当年安徽四千多名进西工大的学长还是想说几句的。 首先，如果你想谈名次，咱们这四千多名在西工大那里并不算什么。  其次，如果谈城市，有的答主说西安比南京差很多。说实话，我没去西安之前也是这么认为的，诸如缺水啊，民风刚正啊，等等。但是，我想说两点: 第一点，大学有一个开括视野的作用，年少轻狂的你难道不想仗剑走天涯？你已经在安徽生活了那么久了，还待在南方，有啥意思？你一直在那待着你都不懂什么叫"一头北方的狼在南方的冬天里冻成了狗"。 第二点，就说城市的发展，事业的机遇，你都没来西安了解过，谁给你的勇气和信心以及依据说南京在这些方面比西安好很多?要拿北京上海深圳和西安比，那确实是西安的机会少了很多，但是南京，差不多好吗！而且，你来读本科，这个城市工作机会的多少对你有很大的影响吗？再者，西安作为国家在西北地区排头兵，十三朝古都的地位，丝绸之路的起点，论国内外的影响力谁拍死谁啊?  最后，如果谈学校专业。因为我已经本科毕业了，亲测，西工大背后的口碑与校友资源不止在航空航天，在工业界都是有极大的作用的。本人在本科毕业陶瓷各校各研究所导师时，亮出西工大背景的时候，常常有导师会说因为我来自西工大就愿意了解我，给我机会了，本科经历都不太看的。如果是要是航空航天口的单位，那就是主场优势好吗！你可以查一查清华也好上交也好等等国内每一所有航空航天学院的老师有几个是没有和西工大沾边。你大概会说排名，那不妨建议你了解一些更专业的指标，比如副部级高校，比如保研推免比例。  下面再谈专业，谁在说航空航天待遇不好，所以就不能学航空航天专业了?有这种逻辑和论调的人，恕我直言，恐怕是一个学渣。实际上，本科教育太皮毛了，皮毛到你就是学了飞设去人家研究所，你还是不会做哪怕最简单的任务。实际上，有太多的人包括我，本科在西工大航空学院之后凭借着自己利用本科四年时间对自己兴趣的探索，深入认识了自己的能力与特质，再依靠自己的努力、西工大足够硬的教育背景去了其他方向更适合自己兴趣与能力发展的平台继续。 
天津考生，大学想学金融或是计算机科学与技术，云南大学、南昌大学、安徽大学应当如何选择？,占坑，下午填完志愿再答
大学毕业晚会怎么设计泪点，一两个泪点就够了。?,回答这个问题，我想，还是以生活轨迹为主，肯定要和院里沟通出方案，毕竟会有学校的想法。 基调定准。 说到毕业，回想起大学四年，总会有很多感动，一群死党，一群“闺蜜”。重点是感动，采用什么风格的拍摄手法就见仁见智。 毕业于普通“211”大学，算不上一流大学。可是心存感激，毕竟每个人都有属于自己独一无二的故事。 整理毕业季，发现大三的时候写的文档，当时一个铁哥们，参军，不知道毕业的时候他能不能赶到。  --------------------------------------------------贴上-------------------------------------------------------------------       每每听到他人毁誉母校，心情错综，无以描绘其间心境于万一，无从强求，只为了四年时光， 即便它是兵荒马乱的，我们仍要心存感激，不是吗？       很多人被通俗的片语之言“爱在安大”所误解，一直认为我“爱在安大”真正的精髓，爱者，不独情爱，而是兼爱博爱！爱国爱民，爱家庭爱事业，爱天下可爱之人，爱天下可爱之物！      此乃安大人真性情，尽善尽美，臻于化境！   安大旅途  翡翠湖畔，刻骨铭心  至诚至坚，拓下文典阁之倒影  149站牌站立，如沙漠胡杨   旅途，是一生最初的苍老之草书   安大之魅，亦如墨香余味  落笔马良  三人同行，浅带深深，噙泪一鸣磬，余光间深深浅浅  四面奔波，脚步碎碎，客对姑苏弥新历久  此车厢，彼车厢，蜀山镶嵌  远离，挂牵，续读  摆摆摇摇，安大故事青春  善待旅途  识某人，记某段事，印某段情   风景、困惑、梦想、执著、希望、离别、幸福、彷徨、独行踽踽  留恋叠叠  知晓默默  行囊塞满流年痕迹  同行旅客知，念，想，忆   献给你，安大旅途   --------------------------------算是一点念想------------------------------------------------------------------ 对于创意，毫无疑问是一个关键点。 可以借鉴“舌尖上的宿舍·泡面篇”。  每个大学宿舍，都有泡面，可是每个宿舍泡出来的味道，却各有千秋。 
关于一个安徽考生选大学与专业的问题？,你好，我也是安徽人，你的成绩已经很厉害了。 安徽人来说，以后工作生活几乎都倾向于苏浙沪，城市来说基本就是上海，南京，杭州，苏州这几个为主，暂且认为你也是这么想吧。 作为过来人的建议是第一选城市，第二选学校，第三选专业。为什么第一选城市呢？第一，你在这个城市读大学，未来的主要人脉资源基本也会集中在这个城市，说大学毕业之后直接摒弃这个城市，去往新的地方，一方面有点儿难割舍，另一方面，到一个缺少朋友的陌生地方工作需要勇气，你一个女孩儿在离家近些朋友多点儿的地方也更会有安全感。第二，说点儿深层次的吧，每个城市都会有它的标签，虽然我这里给的标签不一定很贴切，但是基本可以说是有这个城市文化内涵在里面的。比如成都给人的感觉就是慵懒闲适，虽然有几所不错的高校，但是呆久了人容易被同化，我就见过几个在成都读大学的朋友之后的生活习惯有点儿懒散（没有贬低的意思）；北京作为帝都，名校如云，你本科或者硕士毕业（博士可能稍微好点儿）去找工作的时候你会发现水很深（这个就不细究了，只是希望以后会越来越少）；相对于北京，上海可能更认可个人能力一些，毕竟是贸易以及金融中心，开放度会更大些。所以建议不要考虑西安交大，如果以后不准备留西北的话。简单说，上海有些大公司招聘的时候就指定几所名校：复旦，同济，上海交大，上海财大，你外省985甚至投简历都没机会（不知道这几年是不是稍微好点儿）  然后说说学校，你的分数，C9肯定没啥问题，女生读个综合性大学或者财经类大学也合情合理（其实现在各个大学几乎专业都开全了，不过是财经类大学王牌肯定是商科专业，综合性大学可能偏理工也有可能偏人文）没记错的话，同济应该还是偏理工类一些。感觉上财，同济，南大，浙大，这些可能比较符合城市选择的要求（如果基本决定想出国，那么科大也是个良好的选择），上海，南京还是杭州看你自己喜好了。  再说到专业，看你的偏好，应该还是经济金融，对于经济和金融来说，你本科如果学的是应用数学（个人更建议选统计，如果有金融数学就学金融数学，貌似武大的金融数学开的也挺好），考研或者出国转金融，基本不会废什么力。计算机，通信，甚至机械这些工科专业转金融都算屡见不鲜了（不过相比来说，数学更万金油，当年本科同学现在做通信，做计算机，之类的都有，当然最多的还是做金融方面的工作，但是读数系一定得往高了读，硕士是基本，因为本科毕业不转行的话可能只能去当老师了）  其实吧，专业蛮重要但是也没有那么重要，除了你去读特别法律，语言或者特别社科类专业，理工科想转型其他方向没有那么难（这也没有歧视的意思，只是说比如你学HRM想转理工科，就几乎不太可能，但是理工科想转人文，一定时间积累，一般也可以做的不差）  希望对你有帮助吧
如何考上安大，？,本人安大16级学生。 安徽大学外语系以前是最好的专业之一，外交部每年直接从里面遴选出两个人。近些年略显没落，但在全国的排名也很靠前。 我是文科生，不清楚理科的情况。我高考时候561分，超出一本线四十分，刚到提档线，全省文科三千六百多名。如果你想上英语学的话，应该要到全省文科两千名左右，甚至更高。 另外可否告知你预期的分数？如果详细些更好，我好为你做个简单的规划。
17安大会计专硕220有希望没？,没希望，今年240啊
在安徽大学就读是怎样一种体验？,。。。。。。。。。。。。。。。。。。。。 硬背景介绍：         安徽大学95年第一批入围211工程大学，教育部与安徽省共建，于1928年建校。学校老校区在市区；本科生在磬苑校区(新校区俯视像乐器磬)，与合工大翡翠湖校区隔湖相望。  安徽大学有26个院系，综合型大学，学术层次偏文科(但不是说安大的理工科就差，计算机就是国家重点)。没有医学院，也没有建筑学院，这对于综合性大学来说略有遗憾。  安徽大学保研率13.2％，全国高校排61。也就是说60人的班你考前8名就有推免资格。  安徽受徽州派和桐城派的影响，导致"安徽"这个招牌就自带文人气息浓厚buff。的确安大的中文系和外语学院一直很出名，也因此这几个学院和国际处在世界各地的孔子学院大行其道，托他们的福，安大这几年国际交流的项目也挺丰富。   曼彻斯特大学和数院、电院还有2+2项目，详细查询各院系官网。  安大新区的图书馆叫文典阁，取第一任校长刘文典先生名。一楼大厅会随机展艺术学院或者什么专业的作品展。此外呢，每年圣诞节附近会有戏剧系的年度戏剧表演！！每次排队都是从教室倒博学南楼前。  另外安大的教室，是可以随便自习的，而且夏天就算教室只有你一个人，教室的空调你还是可以开的，所有的寝室也都有空调！  安大的校友在安徽是一个bug般的存在。上次意外发现我们市长是我校友，我们县长是我校友，我们县法院院长还是我校友，于是我很好奇查了下惊呼：省公安厅、林业厅、科技厅、财政厅、文化厅、环保厅、司法厅、监察厅、国土资源厅厅长省台办主任以及安徽诸多县市的领导都是我们安大校友，表示安徽政法系统是在安大法律系人才上建立的。当然安大这种偏人文的学校还有很多文化人物。  附全景航拍图   http://  720yun.com/t/a1a24j8fu4  6?pano_id=368261&amp;from=timeline&amp;isappinstalled=0         (我一开始以为翡翠湖是学校内的啊！)  
安大还是南农？,( ̀⌄ ́)学妹你好  我本人是安徽大学的一名在读本科生，不知道你说的你能上我们安徽大学的最好的专业指的是哪个专业呢？ 英语？会计？金融？还是计算机？ 其实按照你的情况来看，你的分数能上个不错的211或者是个差点的985，主要还是要看你想学什么专业吧…… 我之前填报志愿的时候，也考虑过南农，原因有几条 1.我就是合肥人，想去外地读书 2.就觉得安大马马虎虎 不过后来还是没有填报南农，还是觉得不是我喜欢的那种方向吧，如果你想学习一些农林方面的专业，当然去南农不错，如果是一些比较热门的专业，来安大也是个不错的选择，毕竟是211，而且学校的环境也挺好的 最重要的是！俺们学校食堂装修的可好看啦！ 放图时间到  ______________________传说中的分割线  西门附近的大柱子   图书馆(文典阁)     桂圆食堂       宽敞的校园大道    图书馆后门  如果有想询问的具体问题，可以继续问我哦
双一流建设对安徽大学有什么影响？, 很抱歉，恰巧我本科在安大读汉语言文学，考研跨考来上海读高等教育学。关于“双一流”政策的发展，我们一直在参与。很多时候可能是外行评定内行，加之媒体的断章取义，会给一些没有什么专业特色又财政来源不多的高校严重的压力。确实，这个政策已确定会实施，但并不是对“211”、“985”等高校的否定或者洗牌。你会发现，第一批双一流高校肯定还是老牌211或985，这也是资源分配的一个机会，总体实力不强但可以发展自己的专业特色，才能立于不败之地。  还有楼主提到的安大。虽说是211的后排生，但是出去之后你会发现，它的人文底蕴和口碑是不赖的。没有不好的专业与学校，只有不钻研的学生。 
如何看待安徽大学小学期？,啦啦啦，小学期又来啦 对于我们专业来说，小学期真的就是“栓”人呐。 明明可以一天上完的课，非要分成周二周四，就把你拴在学校。回家？你家远的人你不划算 不过学校也想大家多学点知识，为大家就业考研等做准备。可是……我实在是编不下去了    真的不想上小学期呐 爆课表  
安徽大学新闻传播专业考研怎么样？, 安徽大学新闻传播学院的前身是安徽大学中文系新闻本科班，1980年经安徽省教委（现教育厅）批准开办，1984年经国家教委（现教育部）批准设立新闻学专业，并招收专业本科生。1998年，学校根据本省对新闻人才的实际需求以及新闻专业自身发展的需要，将新闻专业从中文系分出，成立安徽大学新闻学系。2003年与安徽日报报业集团合作共建，成立安徽大学新闻传播学院。 学院现有教职工52人，其中专任教师48人，教授8人（含高级编辑一人）、副教授10人（含主任编辑和高级讲师各一人）。专任教师中具有硕士和硕士以上学位的35人，其中具有博士学位和在职攻读博士学位的教师14名。拥有新闻传播一级学科硕士学位授予权和新闻学、编辑出版学、广播电视新闻学、广告学四个本科专业。目前，本院各层次学生的总数为1323人，其中在校普教本科生785人。 近三年，学院教师共出版各类学术专著、教材等共26本，发表论文137 篇，其中发表在国家级期刊上的论文为17 篇，发表在国家重点期刊上的论文为12篇。 学院建有国家级精品课程1门，校级精品课程1门，国家实验教学示范中心1个。 从2004年开始，学院实施“2+2”的培养模式，即一、二年级打通专业开设新闻传播基础课，二年级后根据学生自愿、学校考核的方式分专业，进入专业培养阶段。   学院在专业教学的同时注重对学生基础理论、实践能力和创新精神的培养，近三年来本科毕业生的平均就业率达97.23%以上。   新闻学院的学生毕业之后，一般到电视台报社、政府机关工作，在省内广受好评，安徽电视台最出名的女主播周群即为该院系学生。  除此以外，安大的新传全国排名前20，有小复旦之称，报录比是1比1.2，学硕、专硕都不区分研究方向，专硕17年还扩招了几人，现在基本学招收人数为40++，对于想考211，而且想稳稳上个研究生的同学来说，安大的性价比极高。安徽大学的新闻传播专业的领头人是芮必峰老师，可以百度一下，很厉害的大咖人物，此外还有很多同样优秀的老师，他们也是毕业于复旦大学，师资力量雄厚。所以安大的新闻传播专业很不错！ 
安徽大学距世界顶级大学有多远？,全程  约13.1公里  安徽大学  1. 从起点到繁华大道 2. 繁华大道 3. 金寨路高架桥 4. 合作化南路到终点 中国科学技术大学  百度提醒您：以上行车线路仅供参考，如有问题请到百度地图投诉中心反馈。
通信工程方面，安理工和安大的硕士哪个就业好些？,客观的说，211和非211就是天堑
求合租，安大新区附近小区，考研？,有意者可以联系qq847998078，谢谢
如何看待安徽师范大学食堂说“阿姨您好”，用餐钱就能打五折？,以后在公交车、收费站、餐厅、服装店、公司里， 会有这么一批人， “我都说谢谢了，你怎么不优惠点” “我都说抱歉了，你TM别纠缠我”  当道德规范（社会风气）变成利益动机（资源互换）， 我们还要“八荣八耻”干什么， 过来，叫句女神给你1千。  风马牛本不相及，强加联系有害无利。
考研调剂到安徽建筑大学建筑与土木工程——（非全日制）工程项目管理，有没有去的价值？, BIEQU 
安徽大学英语专业怎么样？,好久没有回答问题了，把近期的首答献给母校。之所以回答这个问题，是因为刚才有个同学把这个问题的链接转到了我们的聊天群里，然后大家一起回忆往事，不胜唏嘘。  利益相关：十几年前上的安大英语，现在做翻译（笔译）  默认题主和其他关注此问题的知友是有意向报考安大英语的高中生。如果各位能够有更好的选择，并且想在若干年后成为一个牛逼的人， 请一定要努力，一定要选择一个更大的城市（北上广深、南京、杭州等等），考一个名气更响的大学 。你会有更多的机会，更大的舞台。年纪越大，试错的成本就越高，所以大家这么年轻，应该好好拼一把！我们这种大叔，想翻身已经挺难了。  当然，如果你时运不济，让安大英语成了最优选，并进入安大英语系就读，请接着往下看。   1. 排名： 安大英语，论排名的话，我不知道是否有权威的排名，总之是不高的，可能也就是中流水平吧。但是这不怪学生，排名有很多指标的，比如学术能力，安大英语确实不太行。   2. 生源： 安大英语的生源很好，我们那一届都是超一本线几十分进的。我理科生，全省排5000多名，按百分比的话，大概是前2.5%，这个成绩在英语专业当年招的理科生里面只能算中等。我的同学基本都是重点中学班级的前几名，或者普通中学年级的前几名。安大当年招的文理科第一名都在我们班，另外，当时有一个新生如果高考成绩超一本线50分的话可以转专业的规定，于是符合此条件 的80%新生都转到英语专业了（这其实是个悲剧）。大部分同学，如果不是因为过于保守或者估分低了，是可以上更好的学校的。所以， 安大英语系真是有一手好牌 。   3. 成绩： 专四专八通过率都非常高，专四接近100%，专八95%以上。不过安大老师不太热衷于让学生参加各种竞赛，所以竞赛成绩不突出，每隔几年会出一两个全国竞赛拿名次的人，不多。   4. 师资： 负责教学工作的老师应该说，学习能力都很强，博士也不少。但学术水平跟教学水平是不一样的， 学得好不一定教得好 。可能大部分老师在课堂上的表现，都不如你的高中老师或者新东方老师，请不要惊讶，大学里很多时候也是照本宣科。何况本系学生基本上都是高中的尖子生，自学能力也不差，一手好牌，想打烂也不容易。但是老师不会像高中老师那样关注你，基本上完课就回家了，因为我们在新区，老师的家都在市区。而且 学生的成绩好坏跟老师也没太大关系 ，他们没有教学压力。我能说我上英语专业课，有很多次是师生一起看电影度过的吗？！  负责管理的行政老师，经验不足，大一新生的辅导员基本上都是刚毕业的研究生，看你运气了。  有些同学，在高中时代很拔尖，各科老师都很关注，但上了大学却成为了小透明，而且成绩也变得一般了，有时会抑郁，想不开。有些内向的女同学就是这样，没有老师的关注，仿佛就无法正常学习和生活了。  总之，不要指望老师，有些老师可能教了你一年，都不知道你叫什么， 大家都是小透明 。   5. 活动： 应该说，活动挺多。比如各种体育和文艺比赛，学校也经常组织。不过 关于未来工作方面的活动可以说几乎没有 。与其他学校或国际上的交流活动也少之又少，即使有好的机会也都是给了精英们。不知道现在是什么情况，也许有改观吧。总之，安大英语的眼界不是很开阔，毕竟合肥是中部城市，不如沿海的外事活动多。   6. 毕业： 八个字概括， 自谋生路，自求多福 。安大英语的 考研率很高 ，我觉得能有50%的学生会在毕业当年或毕业一两年后考上研究生，北大清华这种名校也有，我们班当年考了两个清华的，但是上外北外这些外语院校是主流。  当然了，外交部，每年总会有考上的。我们那届有三个去了外交部，不过不是同一年进的。戴庆利，我就不说了，都讲烂了，可见安大英语这二十多年来也是没有出过什么高翻了。  剩下的主要是做外贸/外企（大部分去了江浙上海）、老师（培训、大专院校、中小学）、银行（多）、翻译（少）、编辑（少），或者是去做公务员，这个跟英语基本没关系了，当然也有做全职太太的。   7. 成就： 同学们才开始进入三十岁，成就不明显。做官的有副处级了。投行和四大里也有人。创业的很少，毕竟整个省的商业氛围不浓厚，学校和院系也很保守。大多数人都是普普通通的工薪阶层。 安大这种学校是培养中产阶级的，不是培养精英的 ，主要还是安徽省内自产自销。  暂时就想到这么多，以后有时间再讲一些关于安大英语的私货，比如恋爱什么的。
如何才能考入厦门大学艺术学院音乐教育方向？对安徽招生吗？文化课的要求是多少？,厦门大学音乐教育专业属于联考分数＋文化分数综合排名，属于提前批。理科不招，我们湖南是招三个，你的联考分数÷满分×750×0.5加上文化分数÷满分×750×0.5算作你的综合分数，是很公平公正的，也就是不需要找教授上小课，完全由你的成绩决定，分数摆在那儿，谁也动不了，由高到低录取。         比如拿我来说，联考252全省第8，高考文化应该在560~580左右，两项综合起来在湖南艺术生中算得上前几名了，可以选择的学校面就比较广。我的校考只过了广西艺术学院（也是全省第八），但个人没有意愿去。但通过联考＋文化的方式可以选择的学校就很多了，厦门大学四川大学华中师大南京师大湖南师大等等。         厦门大学艺术生招生指标前天已经出来了，你可以看看安徽有没有指标（去年没有）  http://  zsb.xmu.edu.cn/bb/6a/c5  815a179050/page.htm               祝你好运，厦门大学见！  2016年12月12日补充： 入学差不多半年了吧，在厦大艺院感触颇多。如果认为厦大的音乐专业不算好的话，应该是有能力去冲击音乐学院的人才了吧。不过有些艺术类本科学校的学习环境和学习氛围真心没有厦门大学好，到厦门大学看中的就是这一点，再说厦门大学艺术学院确实不如某些专业院校，但是在综合类大学里面算是很厉害的了，每周都有很多演出，国内外交流的机会特别多，上个月才举办了国际音乐教育大会，汇聚了全世界各地的音乐教育大师，听完之后受益匪浅。一本线的要求的确会拦走一大部分艺术生，不过，如果你技艺过硬，靠校考，也是不会有这种文化的烦恼吧。
谈安徽女大学生事件的最终结果?,我还是持怀疑态度，女生到底有没有撞人。
为什么有人说安徽大学篡改国立安徽大学校史？那么国立安徽大学和现在安徽大学的校史是什么样子呢？,【安徽人自答】说现有的安徽大学篡改原国立安徽大学历史，这种说法是客观的，但也确实不尽人情了，因为在院系改革拆分原国立安徽大学之前，以国立安徽大学为代表的安徽综合性高等教育学府的学脉也是几经中断、几经重建的。所以我觉得不必刻意吐槽现安徽大学如何篡改历史，毕竟，在院系改革后直到现在，也只有这所安徽大学（原称合肥大学）能够承继安徽综合性高等学府的学脉（注意我说的是广义的安徽综合性高等学府的学脉，而不是狭义的那所国立安徽大学），这个地位是其他非综合性的大学无法担起的。除此之外，我个人感觉这个结果总归是比当年燕京大学和辅仁大学的命运要好吧。  ———————分割线——————— 下面来梳理一下近代安徽高等学府的历史，楼主所列举的那几所学校除现安徽大学是由1956年新建立的合肥大学就地改名而来的之外，无一不是从近代这一学脉中发展而来。 一、先梳理这一学脉的主线:求是学堂（也包括兼并进来的原安徽省学——敬敷书院，这原不属于近代教育的体系之内，是因兼并而入内的，这也说明近代安徽乃至中国教育的过渡性，新旧界限是不明晰的）、求是大学堂、安徽高等学堂、省立法政专门学堂——私立江淮大学、省立大学、公立法政专门学校——安徽省立安徽大学——安徽临时政治学院、安徽省立安徽学院——国立安徽大学。 （一）、求是学堂于1897年由安徽巡抚邓华熙设于安庆，学堂建制仿盛宣怀创办的天津中西学堂（现发展为天津大学），是一所新式学堂。其址设于敬敷书院，敬敷书院建制撤销，并入求是学堂，人员亦有并入，那时的新式学堂，在教员与教育上仍有极大的中世纪遗存。1901年时任安徽巡抚王之春应慈禧太后诏仿袁世凯在山东举办的山东大学堂（现发展为山东大学），改求是学堂为求是大学堂。一年后又应管学大臣张百熙制定的《高等学堂、中学堂、小学堂章程》，时任安徽巡抚聂缉椝做出调整，求是大学堂径称“安徽高等学堂”。1906年严复曾出任安徽高等学堂总办。1906年，聂缉椝又设立省立法政专门学堂，一般被视为此后安徽综合性高等学府中法学科的源溯。此两校皆因辛亥革命而停办。 （二）、1912年，安庆人程滨遗独自募捐成立私立江淮大学，私立江淮大学中包括教员和学生有相当规模来自于上述的安徽高等学堂和省立法政专门学堂，所以可以说，安徽近代综合性高等学府的学脉至此是传到了私立江淮大学身上。同年，革命党人柏文蔚出任安徽都督，起用陈独秀，陈则筹办了省立大学，但此校一直未能像样操办，于1913年勉强并入私立江淮大学。然而反动军阀倪嗣冲统治安徽后，私立江淮大学受到极大冲击，被改为“公立法政专门学校”，程滨遗也离开了安庆，而这个学校也是在勉强维持，可以认为，上述安徽近代学脉至此是式微，甚至是中断了。 （三）、安徽省立安徽大学经多年的筹备后，于1928年正式成立。这也是正式定型的安徽大学，直到安徽沦陷之前，这个学校一直发展飞速，许多学术名流跻兹执鞭，不一一列举。当时有这样的说法:（安徽大学）于（南）京沪一带，仅次于同济。 （四）、安徽沦陷，安徽省立安徽大学被迫解散，书籍及器材流失严重，学脉再次式微。撤逃到大别山脚下的安徽省政府于1941年筹办临时政治学院，该校于1943年改为安徽省立安徽学院，这个学校有相当部分教员和学生来自于原安徽大学，故可被视为学脉承继者，发展也相当不错。 （五）、1945年国土光复后，原安徽大学学于安庆复校，并援河南大学和湖南大学之例改为“国立安徽大学”，此时的国立安徽大学，生源及教员几乎全部来自于省立安徽学院，而安徽学院在人员流动之后则迁往芜湖。 （六）、1949年解放军接管国立安徽大学后，学校迁往芜湖与安徽学院合并，称“安徽大学”。 （七）、1954年，安徽大学建制撤销，拆分为安徽师范学院（留在芜湖，即今安徽师范大学）和安徽农学院（迁往合肥，即今安徽农业大学）。1956年，安徽省委在合肥新筹建合肥大学，1958年毛泽东视察该校，并提议把校名改名为“安徽大学”，安徽师范学院（此时称“皖南大学”）中继承自原国立安徽大学的物理系部分师生迁回安徽大学，这一部分也成为安徽大学中唯一承继于原国立安徽大学的部分。 二、关于楼主提出的那几所学校的历史，安徽师范大学、安徽农业大学、安徽大学应该已经清楚了。至于安庆师范学院，除了敬敷书院的旧址之外，与上述学脉别无关系了，基本是于1958年新建立的。  ———————分割线——————— 最后贴图一张，愿安徽大学发展更好，安徽省需要一所全国著名的综合性大学来支撑起全省的政治、经济、文化的承继与发展。    
为何安徽大学行政管理研究生分数这么高，达到了370分？,其实我觉得我无比适合回答这个问题。作为一个本科安大公共管理，研究生也是安大公共管理的学生，对安大是赤裸裸的爱啊。 2016年，报考安大公共管理学硕的大概400人左右，招收四十多人，录取比接近10:1，十个人里面招一个。竞争压力太大。大部分报考的学生是安徽人特别是合肥人，毕竟想研究生考回家的人还是挺多的。 安徽大学的公共管理专业可以说安徽最强的。中科大的同学不要生气，我们本科班保研最差的才去中科大，因为学校名声好听。毕竟中科大公共管理博士点刚刚被撤，他们学校也不太重视公共管理专业。对了，中科大公共管理只招收保研的，不招收考研的，所以想留安徽的考公共管理的同学们可选择的学校只有安大了。 最最重要的是安大公共管理考研不用考高数啊 。 有人说学校留名额给本校生，我坚决反对。其实安大本科生看不起研究生。所以保研留校的这么多年来一个都没有。像我们这种留校的都是考研党。
安大新区有没有需要健身的朋友？有一张特优惠的健身卡转让？, 怎么联系 
西藏大学2017在安徽招生吗？,去年有，今年报考指南没有，只有西藏农牧学院
安徽建筑大学城市建设学院有个叫李强的老师没？, 有的，教课教的不一般，是建筑与艺术系的辅导员 
苏大，安大，南京师范，有机化学考研哪一个更好？题主二本师范化学专业。,中国药科大学
中科大对合肥有何带动作用？把资源让给合工大安大是否会更有利？, 肯定会的，据说安大老校区对面科大的那块地原本是给安大的，后来安大只能在郊区了 
安大和南师大新闻专硕哪个好一些？,南师大吧  在南师大新传院蹲了这么多年 对新闻的实力还是比较自信的 不过我是安徽人 今年在安徽省台实习的时候新媒体那边安大新闻人蛮多的 看你想去哪里发展吧  不过现在这个事态 学个吊的新闻 
山东大学是否已全面超越安徽大学？,不要友善度了，你这个问题问的不要脸。
在安大新传就读新闻学是怎样一种体验？, 安徽大学(Anhui University)是国家“211工程”重点建设高校，是安徽省人民政府与教育部共建高校，安徽省属重点综合性大学。作为安徽现代高等教育开端，学校1928年创建于当时省会安庆市。抗战期间，学校被迫西迁，并一度流散，1946年复校，为国立安徽大学。1949年12月迁至芜湖，几经调整，学校于1956年迁建合肥市，1958年全面恢复招生。伴随着我国改革开放和现代化建设的伟大进程，学校进入历史上发展最快最好的时期，尤其是进入国家“211工程”高校建设行列之后，更是实现了跨越式的发展。   师资队伍及科研潜力：         作为中国新闻教育改革的探索者和践行者，安徽大学新闻传播学院筚路蓝缕，已走过数十年不平凡的发展历程，是改革开放后最早设立新闻学科的院校之一。1980年，安徽大学经安徽省教委（现教育厅）批准开办新闻学专业；1984年，经国家教委（现教育部）批准设立新闻学专业；1998年，学校根据本省对新闻人才的实际需求以及新闻专业自身发展的需要，将新闻专业从中文系分出，成立安徽大学新闻学系；2003年，安徽大学与安徽日报报业集团合作共建，成立安徽大学新闻传播学院。      学院拥有一支年龄结构、学历结构和学缘结构合理的师资队伍。在2012年教育部学科水平评估中，本学科点“师资队伍与资源”一级指标全国排名第13位，其中“专家团队”二级指标排名第10位。本院现有教职工55人，其中专任教师41人，教授8人、副教授12人、讲师19人。专任教师中21人拥有博士学位，博士在读5人，有博士生导师4人，硕士生导师20人。专家团队中包括“教育部新世纪优秀人才”2人，“全国优秀教师”1人，“安徽省学术技术带头人”1人，“安徽省学术技术带头人后备人选”2人。   专业方向划分：不区分研究方向  报考时专业方向填写说明：        安徽大学新闻传播专业报考时不区分研究方向，如果你哪个个专业感兴趣，可以在选择导师时选择研究你感兴趣专业的导师，比如你喜欢广告，你可以选择广告学的老师，喜欢新闻，可以选择研究新闻学的老师。不过即使你选择了研究广告学的老师，你毕业论文也可以写广电类的论文，安大这一点还是比较包容开放的。   安徽大学新闻传播专业特色         学院现有1个国家级实验教学示范中心“安徽大学新闻传播实验教学中心”，1个国家级特色专业（新闻学专业），1个安徽省人文社科重点研究基地“安徽大学舆情与区域形象研究中心”，1门国家级精品课“新闻学概论”，1门教育部精品视频公开课“当代媒介素养”。特别说明的是，安大每年的研究生论坛和舆情论坛都会请众多业界和学界大咖，像李良荣、喻国明、陈力丹、张志安都经常来学校与学生进行交流互动。   关于生活      新闻传播学院是在新校区——罄苑校区。新校区环境优美，基础设施健全，非常适合学生读书学习。研究生四人一间，有独立的卫生间和阳台，研究生院有专门的食堂，但是研究生食堂不太好吃，同学们喜欢到附近的榴园吃饭。最近安大的梅园食堂被重新装修了一番，古色古香的食堂非常引人注意，在微博上被称为“别人家的食堂”。     安大东门前面是翡翠湖，环境非常优美，穿过中间的桥就可以到合工大，许多同学都喜欢绕着翡翠湖散步，优美的景色，清晰的空气，散步其中十分惬意。如果你喜欢摄影和拍片的话，翡翠湖是你的绝佳选择之地。     安大西门是学校的主门，快递基本上都在那；学校对面是九龙街，街上有各种琳琅满门的小吃，足够可以满足作为一个吃货的你。中环城、万达和华润万象城也离学校不是太远，可以满足学生的日常购物。      总之在安大生活是一件很惬意的事，在这里学习是一件很开心的事，所以同学们一定要加油考过来！    关于未来——找到方向  至于未来的发展方向，就业还是读博，或者出国留学这个问题，笔者建议开学先适应一段时间，然后确定自己的方向，并为之不断的努力下去。现在传统媒体走下坡路，笔者学长学姐进传统媒体的不是太多，许多进了新媒体公司做运营、文案策划这块，笔者的学姐还有进入银行工作的。总之，读研期间，尽快确定自己的目标，不断地努力奋斗是实现自己人生价值的重要途径  还有更多可能性，等待你去挖掘，希望在安大的学习让你找到属于你自己的方向。 
本科安大，考研想考本校计算机专业，不知咋样？,我和你一样，也是安大想考本校计算机，但是我已经毕业了，想边工作边看书
合肥工业大学，长安大学，安徽大学报哪个会好一点？,看你想选什么专业了。 长安大学不太了解。 我本科安大，工大算是耳濡目染一点。说的不好请多包涵。 安大的文科专业：历史，新传，文学，以及外语排名都是很不错的。但是文科就业不佳，这是事实，除了外语和新传还好些，历史的就业可能真的不太乐观。 理科专业：数学，化学都挺不错。算是比较扎实的学科。 工科专业中计算机非常好，我研究生转行读的计算机，发现安大cs口碑还是不错的。其他工科专业肯定是不如工大了。 财经类专业是比较火爆的，据我所知安大入学最高分基本分布在金融会计等专业。  来说说工大，车辆工程，管理学等都非常强，学校无论是就业率还是各种排名都高于安徽大学。工科也比较好就业，我高中同学本科工大自动化毕业后直接合肥就业了，薪资5000左右吧。但本科毕业就业这件事在安大学基础学科的我是想都不敢想的。  安徽大学是一所综合性大学，文科是强项，理科也扎实，但是文理这样的基础学科就业一直不乐观，除非你学业顶尖。  总得来说，专业比较重要，你不讨厌他，他还比较好就业，就可以了。然后，学校都是211大学，资源政策都在一个阶梯内吧。  最后感谢一下我的母校安徽大学，你没那么出名，没那么耀眼。但是给高考失利的我一个安稳的容身之所。给了我保研的名额，给了我一个过的不错的本科生涯，给了我青涩的爱情和一群很棒的朋友。   以上
准备考在职研究生（专业土木类的），合肥工业大学 和安徽大学哪个对就业有帮助些？, 勇气可嘉，但答案，我无能为力. 
有木有安徽建筑大学的校友哦？,我们学校用户率不高吗 
安徽财经大学本科毕业找工作情形如何？,回老家找到了银行的工作，全是裸考的。领导说，单位里全是本省财经的，我们就想要外地学校的毕业生。。。所以啊，人那就都不知道，自己不可以预料
安徽师范大学地理学怎样？,作为一个准大二的地科学生来说，地理科学虽说是特色专业，但肯定没数学好，说着有三次实习，其实每个专业都有，但总体排名在全国还算靠前。
高考失利上了安徽工业大学，未来的路应该怎样发展？, 你想多了，肯努力，在哪都一样，更何况安工大也蛮好的吧，在安徽省排名靠前的高校。 
想考艺术类研究生专硕的，我不是美术生，还剩这4个多月，再考虑报北工业，安大，苏州大，辽大。谢谢?,个人认为，非美术生的话考艺术类研究生不是很容易，再来只有四个月了
合肥工业大学，长安大学，安徽大学报哪个会好一点？,作为一个本科长安大学，研究生合肥工业大学的人来讲，还是想主动回答一下这个问题滴。 其实读了大学你会发现，除了清华北大一个档次，985大部份是一个水平，211又是一个水平，其他的又是另外一个水平。所以长安大学、合工大还有安徽大学其实差距没有特别大。当然安徽大学作为省属211来讲，可能稍微弱一点点。当然这个也得看专业，你总不能拿长大的公路和工大来比，也不能拿安徽大学的文学和长大来比。每个学校都有每个学校的特色。 长安大学，这个我还是很有发言权的，一切都围绕着交通 国土资源 和 住房与城乡建设这三个中心。专业特色非常显著，我觉得我校从换了校长之后，大有发展的势头。虽然离开了母校，还是希望母校在争创双一流中能抓住发展的机会，好好发展一波。 合工大，和长安大学有类似情况，是个工学为主的高校，优势学科也很多，但是我觉得貌似工大一直都不太受待见啊，当然这个是个人的见解。院士就一个，有点少，长江学者这个还可以吧。地理位置，在合肥，这个确实限制了工大的发展，虽然现在合肥发展势头很猛烈，但是人们固有印象还是存在的，导致很多人不愿意选择到合肥上学，下面的安徽大学也是同样的道理。 安徽大学，据说一直不服气相争安徽省排名第二，无奈工大依旧比较强势。但是安徽大学绝对的安徽省的亲儿子，这个不解释，哈哈哈哈。文科之类的专业比上述学校的大部分专业都要好。理工类的话就难说了。不过安徽大学计算机是国重，实力也不容小视。 好啦，以上是我个人一点点拙见，理工类，你就选长安大学和工大就好，文科生你就选择安徽大学吧。    毕业照镇个楼，哈哈哈哈哈哈哈。不要骂我，好不好 
安大和合工大的管理类学科哪个好点？,作为一个在安大管院生活了四年的人，我很负责任地说，在管院能够遇到一个不水的老师简直是小概率事件，当然好老师也有。工大不了解，但是如果你喜欢真实地学习知识，拒绝水的话，别来。当然，如果仅仅是想自学拿个学位的话，安大还是很自由的。
安大附近有哪些好的刷夜的地方？,谢邀，刚毕业的老人来答。 首先我本科是电子专业的，对于电子，电气院的同学来说，笃行北楼的创新实验室绝对是刷野的不二去处，你看天天晚上灯一直亮着的笃北五楼就明白了。实际上工科院应该都有自己的一些自由实验室，这个建议自己去打听一下，如果有的话，绝对是不二选择。 对于别的院的同学来说，我这边整理出了以下去处 1.寝室楼道 拉个板凳到寝室楼道实际上是最便捷以及省事的，记得以前做挑战杯的时候经常在楼道商量到临晨两三点，累了直接回寝室上床，没毛病。 2.中环城的KFC 这个之前有同学这么做，优点是饿了可以吃东西，缺点是累了不能睡觉。 3.咖啡馆 某船长的那点破事反正大家都知道，但是如果单纯按照刷夜来算的话，实际上算是个不错的去处。 4.宾馆 没错，实际上在我安起义之前，宿舍没有空调，大夏天室♂友一起去宾馆是常有的事，如果是多人组团刷夜的话，这是个不错的选择，价格平摊的话实际上也可以接受。 大约这些，想到别的再回来补。
如何评价安徽大学文典学院？,题主发的关于清华290个人的意义的问题的回答里，除了几个认真回答的人，其余的大都在抖机灵胡扯，不足作为参考。   在排名第一的清华生的评论区里，有一位声称自己同样也是290之一的清华同学，以上学期挂科为理由表示290的状态并非大家所想，但是从他平时的知乎回答来看，如果这就是清华学生的水平，我也真是无话可说。   清华的290与北大的元培班都是 “基础学科拔尖学生培养试验计划”，又简称“珠峰计划”，是国家为回应“钱学森之问”而推出的一项人才培养计划，旨在培养中国自己的学术大师。    截至2011年，北京大学、清华大学、复旦大学、上海交通大学、浙江大学、南京大学、中国科学技术大学、南开大学、武汉大学、中山大学、厦门大学、北京师范大学、山东大学、西安交通大学、吉林大学、四川大学、兰州大学、北京航空航天大学、哈尔滨工业大学等19所大学入选。 (百度百科)    由此可以看出，安大是不包括在内的，而安大于11年6月24日公布建立文典学院，说是跟风应该也不为过。同样以安大首任校长刘文典的名字命名，创立文典学院，组长程桦。(只是挂名？还是真的做事？)    其选拔方式是从每年录取的本科生中择优录取，其方法的可取性有待质疑，高考与创新人才是不是一定存在必然关系，恐怕不能确定，而290人之一的清华同学所说的选拔方式，窃以为更为宽泛可取。    而对于现在的文典学院的同学来说，当时一个刚刚高中毕业的学生来说，是不是真的清楚文典学院意味着什么？    以我当初的眼界看来，文典学院就是重点班，但是如果让现在大二的我选择，我会不顾一切的选择做一个让人骄傲的特殊集体中的一份子吗？还是依旧只是做一个普通大学生？    现在的我应该不会再像高中一样一听见重点班就拼命往里挤了，会多想一想除了自己的虚荣心之外自己更在意的是什么。    而已经进入这个集体的同学会怎么想？我没经历过他们的生活，不敢妄言。    曾经在黄文治的影视人类学的课上遇到过很多文典学院的同学，感觉就是，我们都只是普通学生，我会上课时偷偷的水个知乎，他们也会在课上偷偷写作业作资料。(自从进了大学就再也没见过五年高考三年模拟类似的资料书。)    只是内心里，他们会不会想他们是安大最优秀的人？我会不会想他们只是试验品？他们会不会觉得四年应该奋斗？我只想过慵懒的大学生活？  我们都不知道对方，而我代表的是一大批只求不挂科的普通大学生，他们代表着安大的学霸乃至学神。    最后，不论国家办培养计划的初衷是什么，不落实到实际，不能真正的营造一个良好的学术氛围，博南B一层的文典学院专用教室的意义也就只是占用资源。   以上。。。
在当地最好的大学就读是一种什么样的体验？,出去玩，吃饭，遇一老大爷 问：小同学，安大的吧！ 回：不是大爷，我科大的( •̀∀•́ ) 又问：安大什么系的啊？  回：大爷不是啊，我是科大的，中科大(ฅ&gt;ω 大爷： 你不是女的吗？？？ 。。。 竟无言以对 (ಥ_ಥ)
经济类专业考研，以后打算在南昌发展 ，安徽大学和江西财经大学哪个是更好的选择？,江财。泻药。 题主想达成三个目标：经济学，211，南昌就业。 从纸面比较上，一，江西财经在财经院校排在第七，拥有两本南大核心，在全国大学造富榜上也在前列；安徽作为文史实力较强的综合院校，在经济学上不占优势； 二，江财非211，安大211，完； 三，江财在江西自然是无敌，若是题主放开眼光，深圳十万校友不是浪得虚名；安大在安徽尚且不敢高声语，恐惊中科大，南昌就业难上加难。 从目标导向上，题主一定看到就业市场上充斥着“非211，985不得入内”的新型帝国主义，但是单纯为了就业，江财真的值得你拥有，在有些行业内部，江财在就业能力上受到认可的；既然百川归大海，题主想就业，那么  江西财大，你的选择！ 
安徽大学，安徽师范大学，安徽农业大学，为什么要分裂呢？这可能是安大历史上划时代的，重建国立安徽大学了？,感觉这是一件大事啊，谁能回答呢  
安徽师范大学毕业的研究生在考苏州教师编制受歧视吗？,据我所知道的情况来看，外地的硕士研究生报考苏州编制的教师是不受歧视的。
安徽师范大学跟安徽财经大学哪个更好？,  ————————————总览————————————    0.对师范大学的误解     1.本硕博学科数目对比+各校学科分布情况    2.师资对比    3.学校特色专业及相关     4.国家自然科学基金    5.国家社会科学基金     6.较突出的科学家及杰出人文社会学家    7.省属高校一流学科建设    8.一些碎碎念    ————————————总览————————————    为了回应我校拿历史说话，个人觉得有必要晒出一些数据对比 虽然在每个人心中母校都是只有我能骂谁骂她我就骂谁般的存在，只是光有感性的叙述是没法还原理性的事实的。    如果嫌字多，可以直接看0，1，4，5，6，7项    0.对师范大学的误解    一般对师范大学不了解的同学都主观印象中认为师范大学只是出老师的地方，每每看到很多人在一些大学评论下面都说如果想当老师的话就填师大不想当的话就不要填，可以看出很多人对师范大学是存在一个比较深的误解或者说是刻板印象的……  以安师大的情况来说，专业分为师范类专业跟非师范类专业，其中师范类本科专业15项，非师范类本科专业75项，所以，师范类专业只占到整体师大专业的16.67%，看到这里，你真的还觉得师大只是出老师的地方？ 安师大设置的15项师范类专业：心理学，教育学，学前教育+高中所有科目12项（不要忘记音乐，美术，体育） 。综上，师范类大学是打着师范口号的综合性大学，并非你们口中只出老师的地方，另，很多师范生最后也都不会选择教师这个职业......   为什么师范大学在省外是二本招生？   一句话概括就是政策需要加行情所迫，除了6所部属211师范大学（此处应标注西南大学这货），3所省属211师范大学不受此影响外，全国各省属师范大学均受此影响  以我校2015年招生情况来看，共在全国26个省市自治区招生，其中招收安徽学生4117名，其余各省市合计招生920名，外省学生占比18.26%，比如某俩难兄难弟长年以扔水瓶增进兄弟感情院系，一个省外学生都不招收。学弟们要记得每逢奥运，世界杯，毕业季的时候扔水瓶啊，这项传统不能丢啊！化材物电友谊长青！   1.本硕博学科数目对比+各校学科分布情况   以 安徽大学 ， 安徽财经大学，安徽工业大学，安徽农业大学，安徽医科大学，安徽师范大学 官网数据对比，若有错误，请联系更改，谢谢   本硕博学科数目对比：     各校学科分布情况：     2.师资对比   简单的放个图吧，如果你们知道自己学校的就加上吧，我是不想再加了，谷歌的快吐了    从这数据上感觉我校要丸，这么多非教师岗   贴上安徽大学，安徽财经大学，安徽师范大学简介中对本校教师的概述   安徽大学 ：现有教职工2500余人，其中专任教师1600余人，副高以上专业技术职务者800余人； “长江学者”特聘教授1名，国家“千人计划”特聘教授1名，国家杰出青年基金获得者1名，国家级教学名师1名，省级教学名师20名，入选“国家百千万人才工程”和“国家有突出贡献的中青年专家”5名，入选教育部新世纪优秀人才支持计划12名，入选“皖江学者”特聘教授13名，入选安徽省“百人计划”4名，入选安徽省“外专百人计划”4名，享受国务院和安徽省政府特殊津贴专家142名，安徽省学术技术带头人62名，入选安徽省学术技术带头人后备人选59名。   安徽财经大学 ：学校现有在职教职工1407人，其中专任教师994人，具有高级职称教师452人，硕士博士化率达83.8%。   安徽师范大学 ：学校现有教职工2400余人，其中专任教师1410余人，副高以上专业技术职务者810余人，拥有国家级教学名师1人（14年8月仙逝），国家级教学团队3个，“百千万人才工程”国家级人选6人，教育部“新世纪优秀人才”支持计划7人，“皖江学者”特聘教授5人、讲席教授7人，省学术与技术带头人28人、省学术与技术带头人后备人选47人，5个省级教学团队，10个省级教学名师，12个省级教坛新秀。   3.学校特色专业及相关     安徽大学： 现有汉语言文字学和计算机应用技术2个国家级重点学科、25个省级重点学科；建有1个国家地方联合工程实验室、1个教育部人文社科重点研究基地、2个教育部重点实验室、1个教育部工程研究中心和1个获得国家CMA计量认证的现代实验技术中心；有6个省级高校人文社科重点研究基地、8个安徽省重点实验室、3个安徽省高校重点实验室，7个省级工程技术研究中心、3个省级科技创新公共服务平台，设有4个国家级和9个省级实验教学示范中心   安徽财经大学： 4个省部级重点研究基地，8个省级重点学科，5个国家级特色专业，14个省级特色专业，1个国家级专业综合改革试点项目，1个国家级校企合作实践教育基地，3个省级校企合作实践教育基地，1个省级虚拟仿真实验教学活动中心，8个省级教学团队，5个省级实验教学示范中心，2个省级基础课实验教学示范中心，6个省级卓越人才培养计划项目，12个省级专业综合改革试点项目，2个省级人才培养模式创新实验区，50门省级精品课程、精品资源共享课、精品视频公开课、大规模在线开放课程。   安徽师范大学： 1个教育部省部共建高校人文社会科学重点研究基地，1个教育部重点实验室，2个安徽省"2011协同创新中心"，5个安徽省高校人文社会科学重点研究基地，5个安徽省重点实验室，3个安徽省高校重点实验室，1个安徽省工程技术研究中心，1个安徽省高校工程技术研究中心， 1个安徽省科技创新公共服务平台。 学校还是教育部高校辅导员培训和研修基地、教育部中小学骨干教师国家级培训基地、国家社会工作专业人才培训基地、安徽省高校师资培训中心、安徽卓越司法人才培养基地、安徽省专业技术人员培训基地、安徽省教育管理干部培训基地、安徽省高中骨干教师培训基地、安徽省旅游中职骨干教师培训基地。（ 一句话我校是专门搞培训的 ）       4.国家自然科学基金   国家自然科学基金是我国基础研究经费的重要来源之一，在国内具有很高的声誉和良好的口碑，某一地区承担科学基金的数量和质量既是体现该地区基础研究实力的重要指标，也能充分反映该地区学科及人才团队的发展状况. 面上项目是科学基金资助项目数最多，学科覆盖面最广的一类项目资助类型，其经费占各类项目 资助总经费的45%以上，2006—2013年安徽省共获资助面上项目2683项，资助经费14.2亿元，约为 此期间全省科学基金总经费的50.1%，占有半壁江山，是科学基金经费的主要来源.   2006——2013年安徽省获面上项目前10位依托单位获批情况        2006——2013年安徽省青年科学基金前10位依托单位获批情况       以上两表数据援引自：  王峰，安徽省2006—2013年国家自然科学基金项目资助情况分析. 中国科学基金，2015(1):69-72.  附上链接： http://pub.nsfc.gov.cn/sficcn/ch/reader/create_pdf.aspx?file_no=201501069&amp;amp;amp;amp;amp;amp;amp;amp;amp;amp;amp;amp;amp;amp;amp;amp;amp;amp;amp;amp;amp;amp;amp;amp;amp;amp;amp;amp;amp;amp;amp;amp;amp;amp;amp;flag=1&amp;amp;amp;amp;amp;amp;amp;amp;amp;amp;amp;amp;amp;amp;amp;amp;amp;amp;amp;amp;amp;amp;amp;amp;amp;amp;amp;amp;amp;amp;amp;amp;amp;amp;amp;journal_id=sficcn&amp;amp;amp;amp;amp;amp;amp;amp;amp;amp;amp;amp;amp;amp;amp;amp;amp;amp;amp;amp;amp;amp;amp;amp;amp;amp;amp;amp;amp;amp;amp;amp;amp;amp;amp;year_id=2015      5.国家社会科学基金    国家社会科学基金与国家自然科学基金一样，是我国在科学研究领域支持基础研究的主渠道，面向全国，重点资助具有良好研究条件、研究实力的高等院校和科研机构中的研究人员。  国家社科基金设有 马克思主义   · 科学社会主义   、党史·党建、哲学、理论经济、应用经济、政治学、社会学、法学、 国际问题研究   、中国历史、世界历史、考古学、 民族问题研究   、宗教学、中国文学、外国文学、语言学、新闻学与传播学、图书馆·情报与文献学、人口学、统计学、体育学、管理学等23个学科规划评审小组以及教育学、艺术学、军事学三个单列学科，已形成包括重大项目、年度项目、特别委托项目、后期资助项目、西部项目、中华学术外译项目等六个类别的立项资助体系。国家社会科学基金还注重扶植青年社科研究工作者和边远、民族地区的社会科学研究。   2008年：安徽师范大学立项数13，排名第一，安徽大学立项数9，安徽财经大学获4项，金额不详   Link:  安徽师范大学13项课题获国家社会科学基金项目资助      2009年：安徽师范大学立项数13，排名第一，安徽大学立项数11，安徽财经大学获5项立项数，金额不详   Link:  安徽师范大学国家社会科学基金项目立项再创佳绩      2010年：安徽大学立项数19项，228万排名第一，安徽师范大学17项，180万排名第二，安徽财经大学9项，92万排名第三   LINK：  我省高校获国家自然、社科基金项目和资助经费屡创新高      2011年：安徽师范大学立项数18，264万排名第一，安徽大学13项，205万排名第二，安徽财经大学12项，187万排名第三   LINK：  我省高校获国家自然、社科基金项目和资助经费再创新高      2012年：安徽师范大学立项数19项，400万排名第一，安徽大学23项，355万排名第二，安徽财经大学15项，225万   LINK：  我省高校获国家自然、社会科学基金项目和资助经费再创新高      2013年：安徽大学立项数27，548万排名第一，安徽财经大学12项，378万排名第二，安徽师范大学18项，357万排名第三   LINK：  我省高校获国家自然、人文社科基金项目和资助经费再创新高      2014年：安徽大学立项数20，安徽财经大学15项，安徽师范大学13项，金额不详   LINK：  关于2014年国家社科基金年度项目和青年项目立项名单的公示--全国哲学社会科学规划办公室--人民网      2015年：安徽大学25项，安徽财经大学13项，安徽师范大学11项，金额不详   LINK：  关于2015年国家社科基金年度项目和青年项目立项名单的公示--理论--人民网      2016年：安徽大学21项，安徽财经大学12项，安徽师范大学11项    2017年：安徽大学28项，安徽师范大学18项，安徽财经大学9项    （上述每校项目数数据可能会有小幅浮动，有些项目数因时效问题未被统计进入）   从08年到15年走势来看我校要丸，安财在不断增长，可喜可贺，能看出来自10年后国家加大了对社科基金的投入，也看得出安徽省对安财的扶持力度加大，结合来看的话，也比较贴近安财2011年整体专业进入一本招生的情况……另，安大你搞个毛，青年基金差不多，年度项目怎么多出来那么多，211buff比较给力……    6.较突出的科学家及杰出人文社会学家    两院院士：中国科学界最高荣誉，分科学院院士和工程院院士，工程院院士含金量小于科学院院士，前几年那些个领导没事干就喜欢瞎搀和参选工程院院士灌水，科学院院士灌不了水   长江学者：院士候选人，跟杰青处于差不多level，个人感觉要比杰青位置稍高些，稍次于院士的存在，因文科无院士职称，故长江可能是文科方向学者可获得的最高荣誉（存疑）  国家杰出青年基金获得者：院士摇篮，极具科研实力的中青年科学家   两院院士：5人，科学院院士3人，工程院院士2人（其中工程院院士王文兴院士，王如松院士为77年高考制度恢复前校友，一般未将其计入院士校友排名中；以3名计入全国排名71），科大（55人，排名6），合工大（4人，排名62），安大（2人，排名90）    长江学者：11人，排名41（同湘潭大学并列非211高校第一）；中科大（46人，排名8），合工大（16人，排名26），安大（11人，排名41）    杰青：30人，排名26（非211高校第一）；中科大（145人，排名3），合工大（不详，小于20人），安大（24人，排名32）    杰出人文社会学家：33人，排名30；安大（20人，排名39）；安财（7人，排名89）   附上一个校友列吧，挺全的！（感觉今年师大在维基上花的功夫不少，好多年来完全没动静的词条被完善的很丰富，挺好挺好的）：   https://  zh.wikipedia.org/wiki/%  E5%AE%89%E5%BE%BD%E5%B8%88%E8%8C%83%E5%A4%A7%E5%AD%A6%E6%A0%A1%E5%8F%8B%E5%88%97%E8%A1%A8             7.省属高校一流学科建设        各校项目数汇总：        各校每年可获项目资金汇总：    世界一流学科 ： 1000万/year    国内一流学科 ： 500万/year    人文社科类学科：100万/year    国家重点实验室：500万/year       我校项目数还可以，仅次于安大跟安医，只是基本集中在人文社科领域，人文领域每年每项目只支持100万资金。虽然我院进了世一流学科建设项目，可喜可贺，不过为什么生科院没进呢，生科院好歹有两个一级学科博士点啊！相对来说，安大在这块就聪明太多了，受支持学科可谓都是工科，经某位老人家提醒，基本可以看出来这是省内协调的结果，重点支持安大建设工科，让我校钻不费钱的人文学科，简直坑，安徽省真是坚定不移的坑我校！这一轮资金下来，相关学科差距又要加大了，自我校省部共建以来，我校在思想宣传工作上更是卯足了劲，完全成了安徽省党政喉舌的尖兵，可悲！      8.一些碎碎念   自上到下写的挺克制的，尽量以基本事实为依据，简单对比了下各校之间的殊同。  老实说，我对师大的未来很是担忧，师大目前的人才体系多半都是建立在过去几十年本校留任教师基础上的，相对于近些年来其他高校重金诚聘高层次人才，师大的官网上每年都是挂着那少的可怜的人才招聘方案，新进人员公示里也完全没有看到过有任何领域大牛加盟的迹象。  高层次人才的流失也是一个问题，师大这次官网数据将皖江学者特聘5，讲席7变动为特聘3，讲席4，就拿我院前院长魏先文来说，便去了安徽工业大学做了他们的副校长，离开了科研一线岗位，从事起了行政工作，安大的特聘倒是雷打不动的13。  区位对人才的吸引在今后会显得更加重要，芜湖相对于省会合肥有先天不足，安徽省也以建设合肥为重心，皖江城市带的建设跟个笑话似的，不好好带着皖北兄弟发家致富，天天想着折腾皖南大众，师大与芜湖关系不好也不是一天两天了，芜湖对于师大的投资也跟闹着玩似的。  近年来安徽省高考一本线在使劲的放水，把一批不具备本一招生的院校折腾进一本招生，数据上看美的很，我省一本率达到了百分之多少多少，这样最后害的还是安徽省的学生，当然招生受伤最严重的还是师大，师大为什么能够出这么多杰出校友，就是因为很长时间里招收的都是省内高考排名比较靠前的那批考生，如今学生对师范大学报这么大的偏见，安徽省也没个解决方案，只知道搞均校一本，常年以往下去，负反馈会特别的明显。  作为安徽省优最早的高等学府，把师大建设成如今的模样，我真的挺佩服安徽省的，校史问题更是拎不清，尽参和进来搅稀泥，本不该存在的校史问题发展到如今，安徽省这搅屎棍当的可见一斑，都分不清安徽省是不是师大的无脑黑了，安徽省高等教育基础薄弱我懂，但这么卖命的坑师大，是不是太过分了点。  ================================  以下为初次编辑答案，编辑于2015年12月13日   ================================   直接数据说话，自己感受下：  1. 安财（AUFE）   创办时间：1959年   学校类型：财经   属性：省属重点大学，中西部部高校基础能力建设工程   硕士点：56 —————————————————————  安师大 （AHNU）   创办时间：1928年   学校类型：师范   属性：省部共建高校，中西部高校基础能力建设工程，省属重点大学   硕士点：157（不含一级）  博士点：53 博士后流动站：5个  2. 安财于2011年整体专业进入一本招生。 安师大1980年整体专业进入一本招生。  3. 财经管理那类专业，安财强，毕竟那是安财主业。 比整体文科理科专业，你要说安财比师大强，你回去好好问问你们高中文理科老师，看他们同意不。  4. 自1977年11月起，经省革委会批准，在全省陆续设立了安徽师范大学安庆教学点、六安教学点、滁县教学点、巢湖师专班、淮南专科班、马鞍山市专科班、宿州专科班、徽州专科学校、池州专科学校、铜陵专科学校。这些分校或教学点的设立，不仅迅速扩大了我省高等教育规模，大大缓解了各地基础教育师资紧缺的状况，而且都有我校选派优秀教师授课，保证了教学质量，并为它们后来逐步发展为师范学院或师范专科学校，打下了一定的基础。  如果你体会不了上面这段文字的含义，那我给你解读下，淮北师范大学，滁州学院，淮南师范学院，皖西学院，安庆师范学院，巢湖学院，黄山学院，铜陵学院，池州学院，宿州学院，以上这些学校都是在安徽师范大学在安徽各地的教学点基础上建立的。  5. 自211项目工程启动以来，师大的苦逼命运就开始了，再加上后来申请211失败，相对于其他学校这些年来的各种大跨步发展，师大这20多年来的发展基本算是停滞的，不过也不是什么事儿都没干。211工程发展到现在，中国的大学已经被定型了，想冲破那112所学校在整体国人心目中的位置已经不可能了，往后再多的附属工程也禁不住211这三个字的沉重，所以非211学校也不要为攀上各种工程沾沾自喜了，留给大家的路也只有在各自专业内做好工作获得同行认可了。211这玩意儿真是个恶性循环，蝴蝶效应版的拉大了学校间的差距。  6. 最后再补上一句对整个安徽省所有学生说的话，师大为安徽省的教育发展做出了相当大的贡献，想想你们初高中老师们有多少是师大毕业的，师大不求你们感谢，但也请你们不要黑师大，师大虽然算不上好，师大也没有你们想的那么差。   附上我的另外一个答案吧 ： 1952 年高校院系调整中，哪些高校损失最大，哪些受益最大？ 这样调整的根源是什么？？  
考安徽建筑大学专升本 高数怎么学 看网课加一期听课 行不不？, 安徽建筑大学，每年的竞争力都比较大， 你还是要多用点功夫，高数基本上，每年考上的，并且考得好的学生，基本上高数都是满分，所以你得多用工了，我是专升本考上的，有什么不懂的可以加3385194518 
安徽大学住宿条件怎么样？,更新下，安大榴园食堂和梅园食堂先后装修，已经成为别人家的食堂。据说这个暑假桂园和桔园紧随其后。  很好，在国内不算差。 详述本科住宿情况（文典学院和国防生除外）: 1.【概况】有四个宿舍组团，每个组团三个园区，宿舍园区都是以植物命名的，比如桃园梅园杏园什么的；因为学校建设是有周期的，最先建的是上下铺，所以学校一半宿舍是上床下桌一半是上下铺，楼可能没那么新；所有宿舍都是四人寝，部分寝室可能在分配的时候占便宜人更少； 2.【供电】每年5月1日到10月1日全天不断电，其余时间晚上11:30到6:30断电； 3.【室内】面积不大，和国内大部分宿舍都差不多，举架比较高，起床不会碰到头；地面是地板砖，有垂地窗帘遮光良好；每个人有自己的书桌和一个柜子； 4.【洗浴】有独立卫生间，但是没有寝室内的热水器，寝室可以洗冷水澡，卫生间设有蹲便器和洗手台，洗澡可选南区浴室和北区浴室； 5.【热水】每层楼都新安装了热水器，刷卡打水；每栋楼都有洗衣机，高层可能没有； 6.【空调】！！！！！！！！！！！！ 每个宿舍都有，冬夏都可以用；空调每个月有免费赠送的额度，超额自助缴费，与电费相对独立； 7.【电费】电费便宜，水费都没听说过要交，网费便宜，5元一个月，24小时不断网，但校园网网速常年维持在100k，不过有电信宽带可自选； 8.【阳台】有开放阳台，空调外挂在此。阳台上有晾衣杆，下雨天会让阳台变得很脏； 9.【不！查！寝！】宿管不查寝，不查卫生，一般各院系自主组织查寝。晚上可以不回来过夜，不过遇到奇葩辅导员谁也救不了你； 10.费用仅1000元/年。
文科，中国矿业大学、华中农业大学、安徽财经大学选哪个？,我目前在矿大读书。矿大是一所性价比很高的211大学，校园很大，将近3000亩。学校的花海、鹿园、镜湖和励志园甚至是徐州一个旅游景点，经常看到有家长带着小孩子过来拍照游玩。作为百年老校，文化底蕴很足，教学力量也很雄厚。不要听什么学矿业来矿大，矿大的矿业固然是龙头专业，毕竟亚洲第一世界领先，但是电气和土木、测绘、地质类、工程力学、机械、在国内也是很好的，都是国家重点学科和国家重点培育点。还有很多江苏省重点学科。文科的话管理学院也是非常强，甚至很多工科学生大二转专业到管理学院学会计。我就知道这些专业非常厉害突出，还有其他专业我不是很了解。生活环境也是非常好，宿舍条件一流：空调暖气、独卫独浴以及四人间。学校有两个咖啡馆，三座食堂，一个美食城，一家主营偏西餐类的餐厅，一家茶吧。各种社团活动也很丰富啊。而且经常回会有名人来讲座。上次来了个诺贝尔奖获得者，还当了我们一个研究院院长。最近龚琳娜还来做讲座了。每个班级也不像其他学校有五六十人，我们专业一个班就25人。华农不清楚，但我是安徽的，安财我还是比较了解的，能上矿大就别去安财了吧，分差蛮大的。但如果真的想去也行，安财的金融和会计很好。如果考虑地域因素的话。。。确实略坑。徐州确实没武汉好。但徐州我觉得还是不错的。要想着自己是来学习的，而不是来吃喝玩乐的。不过军训是略坑，尤其内务整理。。。就这些吧，我说的有不周到或者欠考虑的地方请谅解 。
有一个安徽大学女（或男）朋友是一种什么样的体验？,题主合工大的？别在这问了，多到湖对面碰碰运气吧
你见过或者自己立过哪些在明显劣势立场下的神论？,辩论20年来，攒了很多神论，一下子真想不起来，所以这个答案不间断更新吧。 ps：注意都是劣势立场，也都是神论，不是奇葩论。但是这些论未必是没有漏洞的，请不要在评论中和我辩论某一神论，在这里是分享的不是挨骂的。 更新到5月31日。 --------------------------------------------------------------- 和平共处是不可能实现的梦想 98凌云杯 中科大 1、和平共处不等于和平地共处，它是一个专有概念，特指国家之间（内部？）没有矛盾的状态。 2、国家是阶级矛盾冲突的产物。 3、只要有国家存在一天，就不可能实现和平共处，将来到了共产主义社会，国家消失了，也就不存在和平共处这一说法了。  拾金不昧要回报 倪达 安大 1、回报包括精神回报，哪怕只是一声谢谢，一个肯定。 2、从国家社会的角度看，为了鼓励更多的人，我们要给予拾金不昧者精神回报（注意看主体和价值层的变化）。  横刀夺爱是道德的 倪达 安大 我承认横刀是暴力，夺爱是破坏，我确实破坏了你们的幸福， 但我这样做， 是因为有一个人愿意比她的他更爱她， 有一个人愿意背负着整个世界的指责去爱她， 有一个人愿意用所有的努力证明，横刀夺爱是为了更爱更幸福， 如果在座各位和我一样认为这并非不幸福的话，请给一点掌声！ （其实是陈词了）  亡羊补牢为时已晚 陈环 安大 1、“已晚”还是“未晚”从逻辑上都说得通，看针对谁。 2、从价值上，提倡“亡羊补牢为时已晚”是为了最大程度地规避错误、避免遗憾，这就好像小孩想拿手碰滚烫的开水壶、还没碰就要一巴掌打过去。提倡“为时不晚”其实是对犯错者的宽慰。 3、对于今天的社会来说，宽慰并不缺乏，更需要唤起的是人们防微杜渐的心理。  齐达内该顶不该忍 倪达 安大 1、当规则无法捍卫一个人最基本的尊严时，就该勇于抵抗、打破不合理的规则。 2、触犯最基本的尊严不是小不忍，比赛的胜负不是大谋。  拯救大兵瑞恩（8个换1个）值不值 李恩泽 电子科大 1、值得不值得，不是拿生命和生命比，而是拿生命和道义（建立正义）比。 2、“舍生取义”是值得的。  英雄自以成败论 98蓝带杯 西安交大 1、评价一个人是否英雄，应该看他的成功之处和失败之处，综合看是不是成功的人。 2、这里的成败是社会历史人民意义的。  人类不是大自然的保护者 04全辩 厦门大学  1、人类是不是大自然的保护者，人类和大自然说了都不算，要由第三只眼来评断。 2、所以我们讨论，价值上要不要提倡保护者的心态，还是应该敬畏自然与其协调统一。+
安徽大学有哪些老师的课会让你激动不已？,作为一名大四理工狗，回顾三年来在安大上的各种课，其实让我最动心的不是我们自己的专业课（其实化院老师的课很好的，毕竟理工课生动有趣起来不容易）。  可以说这两位老师我终身不忘， 一位文院的 郝敬 老师，一位是历史（？）的 梅立乔 老师。  安大选课要求我觉得很好，文科类要选科学素质课，理工科要选人文素质课（好像是科学人文择一即可？）  因缘巧合，大二选了郝敬老师的红楼梦导读，貌似是第一次开课，我上课有个习惯，一定要坐第一排，在大学里坐第一排一般是没人跟你抢的（笑），可是郝敬老师的课竟然每节第一排是满的！满的！满的！这只是素质课而已啦，后来才知道坐我旁边的大多都是文院来蹭课的孩子。。。  那时候我就在想，这魅力得是多大啊。  然而刚上第一节课完，我就完了，我深深地迷上了这个瘦弱书生般的老师（脸红）。。。  我上课的第二个习惯就是记笔记，其实有些素质课记起笔记来很单调的，没什么可记，然而上红楼梦导读这节课是，我的手速完全跟不上的，专业核心课都没这样马不停蹄地记录。  然而我乐在其中啊。   从清朝朝局说起。      老师解说我一边听一边赶着抄的，字丑了点，重点是内容啊内容（平常字很好的【捂脸】）      校园网速慢，笔记都是满满地喜欢。  我喜欢郝敬老师布置的作业，    人物关系图。   大观园方位示意图。（我最喜欢的）  从小到大没有这么期待过做作业好吗。  临近期末，老师说看大家一学期都木有按要求看书，他决定以后不开这门课了（老师我很认真啊，不要绝了我以后蹭课的期待好伐，为此我还特意写了一封邮件向老师表达我的敬意——估计是没被翻牌。。。。。【哭】）  总之，以前喜欢红楼梦，我喜欢宝玉黛玉，上完他的课，我爱上了玉兄和颦儿。     第二位老师是一开始大一上近现代史的课认识的，学姐帮忙选的课（是的，我安大就是如此有爱，学姐学长都帮新生熬夜抢课的。。。【比心】）  坐在第一排，梅老师名字真好听，声音也好听，长得真有气质。。。。 花痴脸地过了一学期，意犹未尽。  然后又选了她的徽学概论。  第一节课就让我感慨颇深，梅老师说，很多学生不是历史系的，她不要求大家有多么专业的观点，只一点，一定要是自己的想法，自己思考，这才是她要教给大家的。  想起来我们化学的一位喜欢三毛的老师（这个是专业实验课，就不提了），他也是强调着大学生要懂得思考。  不谋而合。  说起来像大道理，却真的是我们现在需要的品质。  汪曾祺说联大的老师，“重报告而轻考试，爱惜并尽可能激发学生的才气，不怕学生的新与怪，只担心平庸。” ——我觉得梅老师就是这样的老师。  PS：老师有个习惯，期末会让学生推荐好的电影、书和音乐给她，了解我们的世界。    这两位是我在大学里最大的收获之一。 安大也许并不优秀，但是她有优秀的为师者。
集美大学在安徽文科大概多少名能上？,我是湖南17届的文科生，8111名能上吗？
安徽大学、湖南大学和吉林大学哪个大学更好？,安大本科，就是你们看不起的安大，而且还是理工科，不管是吉林大学湖南大学还是安徽大学也都只是一所普通的大学，高考多考几分就上吉大，湖大，少考几分就上安大，能有多优越，高考对大部分人来说也只是拼努力拼运气的考试，说实话真不知道有些人的优越感到底是怎么来的，都是从高考过来的，谁都没有差太多，真有那么优越，参加什么高考啊。 百度基本有的东西就不说了，作为一个还没毕业的大三狗，我很喜欢我的学校，就像是高中一心憧憬的大学一样，校园很好看，学姐很漂亮，大概因为学生男女比例是1：1的原因，经常有一对一对虐狗人士出现。我们的老师都是很不错的老师，专业课用的书基本也都是我们自己的老师主编的。  学习还是看个人，这里有整天泡在图书馆的学霸，也有在网吧熬夜打游戏的。 自认为安大还是很不错的学校，我不会羡慕吉大，湖大的学生，也不会看不起比我们学校差的学校。
安徽大学在外省名气怎么样？（有听过安大的会计专业吗？）?,安大在省内名气不显，何况外省乎！
三十年前或者更早之前的安徽师范大学在高校中处于什么样的水平?, 非国家指定全国重点88所大学之一，建国后较早一批改名为大学的高校，可惜后来没能发展过很多学院，以理学见长......  师大的发展基本是安徽高等教育的缩影，可以称得上是安徽高等教育的母机，跟南大孵育了一众南京的大学有些相似，只是实力较中央大学差很多......  人品一直不好，先是站错了省会再是题名人被搞接着申请211时也被自己人给补了刀，近几十年来相对于其他高校大跨步发展师大的变化感觉跟停滞了似的，搁以前南师大只能看着师大背影，这会儿，师大在看着南师大背影......  高一数学老师是文革后最早的那批高考生，报考学校时说杭州是个好地方，就报浙大吧，然后，差了几分，去了师大......  03年初中毕业时在一个师大数学系博士那补的英语暑假辅导课，他说他高考那会儿在全校排名50，分数比北大分数线高，然后.....去了师大（应该还是不敢填好学校，毕竟他们那会儿填错学校就要再来一年了）  在师大的时候看过一本1980几年时安徽社会发展情况报告，教育那部分内容可以明显看出师大是较安大强的。到了九几年安徽省政府各种扶持安大进入211，虽然名义上师大跟安大俩校是安徽省优先重点建设高校，只是政策倾向性让安徽省在安大投入了更多的资源，师大这边则相对黯淡的多，想想安徽省挺对不起师大的......   211，所有师大人的痛！   下面附一张从某位老人家那拷的图吧，那会儿的教授含金量还是相当高的，不像现在......       （上面这张图师资对比来自于安徽省志教育志，与下文中校史统计数字存在不小差距，多半是时效问题）   1983年：学校有教职工2091名，其中专任教师928名，教授18人，副教授89人，讲师489人     2016年：学校现有教职工2400余人，其中专任教师1410余人，副高以上专业技术职务者810余人    1988年生物系陈壁辉教授的“扬子鳄生态研究”获国家自然科学奖四等奖，也是第三届自然科学奖中安徽省唯一获奖项目    1988年安徽省第三次科技进步奖评审，师大以7项位居全省高校之首    1989年安徽省高校发表的科技论文被SCI引用数为216篇，其中科大196篇，师大10篇，安徽省其他学校加起来共20篇    1992年时图书馆藏书量210万册，位居全国高校图书馆第12位    1993年国家教委对硕士点学位评估中，学校首批参评的6个专业评分都在B+以上，其中中国古代文学点获A级，填补了安徽省高校A级学位点的空白    1995年国家教委首次人文社会科学研究优秀成果评选中，我校汪裕雄《审美意象学》获哲学二等奖，刘学锴，余恕诚《李商隐诗歌集解》获中国文学二等奖，廖家燁《普通学校音乐教育学》获教育学二等奖，在全省获奖项目中位居第一     校史越看越觉得安徽省教育基础太薄弱了，唉    1957年时安徽全省仅有的5所高校教职员工统计   安徽医学院：194   安徽农学院：214   合肥矿业学院：330   安徽师范学院：438   合肥师范专科学校：134   推荐看：    1.《安徽师范大学简介》1983年    2.《安徽师范大学校史》（1928-2008）  
本科安大，想考隔壁工大的计算机，不过听说工大这个专业比安大差，求教，顺便还有没有什么别的学校介绍一下？,中科大
为什么安徽师范大学的分数线那么低？,因为是师范大学啊
西南财经大学在安徽江苏一带的影响力怎么样？,西财硕士在长三角工作的很少，我一共只认识两个。 一个拿了国金投行部的offer，一个拿了交总的管培
如何看待孟修然与安徽大学百事通发生的知识产权纠纷？,利益无关  高中时候和孟同学一个学校，感觉她是很怪（贬义）一个人，当然我不喷人，我也就是说说。 对于这件事，我认为安大百事通应该像孟同学道歉，并停用她的文章。我更愿意将事情理解的简单一点，安大百事通为了方便同学选课之类的，在没有做好沟通工作的情况下，用了孟的文章，这是安大百事通的问题，理应满足孟的所提出的两点要求条件，停用＋书面道歉。 当然了，得理的，不一定是好人。
安徽建筑大学的学风怎样？,哈哈哈，第一次在知乎上写回答。 关于学风问题，还是仁者见仁智者见智吧。 在建大读了一年，从一开始的不喜欢到后来的依恋，你可以否定这个学校的名气，但你不能否定它的学风，名气与师资力量有关，而学风，说句不好听的，一般喷建大学风不好的，都是学习成绩不好的(当然也有学霸哈哈哈)本人成绩尚可，室友666，三个学霸室友，总体来说寝室学风还挺好的。作为安徽建筑大学一个小透明，我只能说它也许不会像你想象中的那么好，但绝对不算特别差，学校既然已经选择了，那就好好呆下去。用心观察。
本人是今年安徽省文科考生，分数是554排名4900，不知道是报云南大学还是上海海洋大学？,我来回答吧，志愿填过了吧。 云南大学我不知道 我来说说海大吧， 我是15年毕业的，我当年也是安徽考生，当年我们学校对安徽的最低投档线是比一本线低10分，自从百年校庆后 大概都会高一本线20-30分了。 我是海大信息学院的学生，我也很庆幸学了计算机，这么说吧 海大最好的专业是在海洋科学学院 水产与生命学院和食品学院，剩下的学院都差不多了，但是最好的专业比较冷门： 海洋科学，水产养殖（你要去养鱼养虾嘛哈哈）食品工程（大多数毕业了去卫生局食品检验）：以上每天都要穿着实验服 奔波于类似厨房的实验室和生物实验室。 如果题主觉得可以在学术领域深造并且喜欢上面的专业 可以考虑 上面王牌专业每年录取分数线比较高，具体我也不好说。 那么说说我们学院吧，哦对了先和你说 我们学校 妹子比汉子多的 就连我这个CS计算机系男女比例都是1:1 而且质量还行，旁边海事大学的男生很多以自习的名义来我们学校看妹子哈哈啊哈哈。 言归正传，我在我们学院感受如下： 正真想学好计算机的人大概只能站30%左右吧 大多是搞不好这个专业的。但是老师们还是比较好的，我大学四年经常出入计算机的实验室，我们学院的实验室是24小时开放，你有什么idea或者参加项目基本上老师都是会支持的；老师们都满了与帮助的，也会拿自己的项目资金给你用。也就是说你如果想学，想认认真真学点一技之长 海大资源的还是可以让你满足的。 下面在给点图；ps我觉得海大风景还是可以的     图 是叫孟雨涵学弟摄影的。      这是图书馆      这是教学楼前的 桃李园  完。
如何看北航与安徽省政府合作北航合肥科学城项目，会有别的大学陆续效仿吗？,利益相关：安徽芜湖人，亲戚朋友很多定居合肥。北京航空航天大学在读本科生。   先简述一些别人可能不知道的事吧：和合肥签订合约的这位张军院士是合肥人，合肥一中毕业。北航前些年还去过浙江签订过类似的合约，至今也没有听说有本科生或者研究生去那。 那么为什么要签订合约呢？最近有个事挺火的，国家准备取消985工程大学拟重新建立世界一流大学。现在出了清北任何大学也不能保证能够百分百进入世界一流大学。大学评估面临新一轮洗牌，现在各个高校似乎都在造势，北航也不例外。正好有这么一个机会来迎合Xi的圣意（注：北航这种事情似乎干的不少，国家强调什么，它就努力跟着国家步调走。具体可参考北航校歌来自温总理的仰望星空） 所以说即使落户合肥也不见得真的会大力投入，重点投放资源，最多有几个不受待见的学院过来流放几个研究生罢了。 而作为一个安徽人我丝毫没有看出合肥的经济支撑点在哪里，当年的皖江城市带计划给我的家乡芜湖并没有多大改变，而至于合肥每次回家都要到这里看看同学，在合肥我看不到什么可以支撑其经济发展的点，这里没有高新技术企业，也没有高学历者发展的机会，至于合肥政府似乎也有自知之明，并没有突出发展计算机产业。而口号中所提的量子科学？试想这种行业连机器和试验设备都要向他国进口，这能带动人就业吗？如果说安徽是举全省之力发展合肥，哄抬房价就像捧着一个炸弹，人们总是觉得自己能把炸弹传递下去，不在自己手中爆炸。但合肥房价上涨支撑点实在太少。现在去买殊为不智，但肯定也不会下跌到以前六七千的水平了。   以下内容转自知乎，感觉很有道理。就贴上来了 从房地产市场来看，实干误国！炒房兴邦！  中国房价不是开发商炒高的。自1998年市场化以来，中国房地产行业的发展总体是成功的，解决了超过7亿城镇人口的居住问题，使得中国人均居住面积已经达到了35平以上，基本解决了住的问题。然而，由于中国房地产市场化改革的半拉子特点，特别是土地一级市场的高度垄断和控制，中国土地出现人为的短缺。中国不缺住房用地，一次上课老师说过，北京的空置房屋已经达到100多万户，足以容纳三四百万外来人口。更别提二三线城市了！稍微有点钱都会拿房地产作为投资项目。房屋空置率已经触目惊心！住房用地的短缺完全是人为导致的。土地饥饿营销再加上货币放水，导致了中国房价的快速上涨。 过去十年，中国最成功的财富故事就是关于房地产的。房地产这个行业是中国最奇葩的行业，人人都在痛骂，人人却都加入这个财富的游戏，为了抢房子，祖宗三代结伴去欢天喜地地离婚。这个行业从一开始政府几乎每年给吃药，调控了十多年，吃药吃了十多年，但这个行业仍然取得了巨大的成功和发展。我们很少见到哪一个行业像房地产一样，是不断吃避孕药，却不断地结出财富的果实。房地产行业就像一个很有姿色，但名声不好的女人，政府每年都在严肃的指责她，但私下里又和她不断暗度陈仓。  如果这个世界上只有一种爱是真爱，那一定是中国地方政府对房地产的爱。爱得特别深，特别真，不抛弃，不放弃，你若安好，便是晴天！只要这种爱还在，你就不要期待地方政府和这个坏女人真正断绝关系。
1952年之前的安徽大学的实力是怎样的？,好像当时的安徽大学并非现在的安徽大学而是现在的安徽师范大学，不在合肥，今天的安徽大学与当时很厉害的安徽大学没多大关系  了解不多，只是看到过，如果错了望指正
中科大和安大新闻与传播硕士那个更好？,一般没人问你哪个专业出来的，而是问你哪个学校出来的，所以处于职场考量，科大的牌子更响。
安徽财经大学2+2好吗？,作为好多年前的学长告诉你，不要信！！！！！有钱，毕业后一样出国！！！！
安徽大学英语专业怎么样？,非英语专业学生，客观讲，是安徽大学最好的专业。  同时外语学院也是安徽大学最好的院系，尽管就业和日常上比起热门的经管商和工科要逊色。  英语专业是安大在安徽省内历年分数最高的专业。因为以往实力强劲吧，外交部直招南方三校之一（另两所为南京大学和上海外国语大学），很多老师水平很高。  以往每年招120人左右，这两年减招至90人，后续会更少。  一二年级进行语言技能学习训练，从听说读写译几个方面打好基础。三年级分方向，有文学、语言学、翻译和复合型（可选修其他专业课程）四个方向。  教师队伍实力不俗，语言学这块儿教授比较多，前几日承办过全国语用学研究论坛。  说它好，是因为外院真的是全校学风最严谨的院系。年代久远，学科建设完善。语言技能真枪实弹，会就是会，不会就是不会。其他院系，或者课程安排松散，导致大部分学生都靠考前突击，或者优秀的热衷于刷绩点保研，这在外院很罕见。外语学院的奖优推免，看专业课总分排名而不是GPA。同样，因为语言学习的特殊性，每天在繁重课业（恐怕只有理工科能与他们这群每天上午满课的拼课多了）之外自习三个小时以上，反复磨炼都是家常便饭。而且还有早读。英语专业小班教学，现在的情况是每班18人，课程效率高效果好。  就业方面，学语言的真的比较尴尬，大部分都去从事外贸，也有很大一部分继续深造，从事学术研究、翻译和外事工作。语言就是这样，要学不难，学精不容易，即使你上个新东方能考不出的成绩，但真正语言专业的人绝不限于拥有语言技能，这个层面上互相攀比实用与否或者就业如何没有意义。   不足，也非常多。 ①实力问题：安大英语在全国并没有特别特别强，甚至有些名不见经传（这和安大的处境一样尴尬） ②语言专业本身：语言是笨功夫，日日打磨，但成为顶尖人才很难，所以很一不小心就会去做销售了。而大部分人对语言学习和专业语言学习的区别不在意，认为语言仅仅是工具，以及一些实用主义的观念，对研究文学或者语言学的同学而言这条路是非常孤独的。当然，实用主义没有错，没有必要在意。语言学习的实用方向就是翻译，做到极限是同声传译、这非常非常难，其他的也还不错，收入是极可观的。 师傅领进门，修行在个人。 ③安大学校本身：讲真，非常尴尬。末流211，没什么优势却还在走综合大学发展路数，侧重新开的理工科，对传统优势学科扶持甚少。学校名声不够，学风也不够浓，在安大，想要拼出好的未来是要靠自己的，专心做一些事不要被随便的风气打扰，不论是学习还是实践。 安大有很长的路要走，英语专业也是，安大的学生更是  当然，母校是我的起点，它教会我许多，只是我不满足于此，因而只有更努力。也正是这种修炼给了我一个阶段的成功。  最后，对于想报考英语专业的同学劝一句不要一时兴起。语言学习很苦很孤独，并且实用性没那么强，还是如上文所说真的要日日打磨，这份坚持和专注很难，做到了云开月明就只是时间问题，做不到不上不下的感觉会让人很迷惘。说并不是所有人都能学好语言、适合学语言，不仅在于天赋更在于能不能吃苦。  安大英语还是很不错的，如果你的分数段在这里，够上安大，英语专业是很好的选择。
安徽财经大学大三财务管理专业保研哪些学校可能性大？,好好努力吧！
江西考生，文科生一本差一分，能不能报安徽师范大学？,可以，师大是省内一本，省外二本。
安徽大学与汕头大学如何选择？,希望题主看到我看到我看到我 我是一个01年高考的安徽人，分数高过一本线十几分吧，然后抱着‘上大学要离家远点’的愚蠢想法，脑子进水的上了汕头大学。为此事我后悔至今。恩，没错，后悔十几年了。 读汕头大学是我这辈子最错误的决定之一，另一个是读化学系。 安徽大学是211学校，从城市来说合肥比汕头好太多，这两点就足以让你做选择了吧。 如果你读完大学想出国，那么选安大，因为合肥大学多，各种出国相关的培训机构多，出国的学习氛围也浓得多。 如果你读完大学想找工作，那么选安大，因为在找工季，安大的好企业的宣讲会比汕头大学多得多。 如果你是安徽人或更北方的人，那千万读安大，汕头是个交通不便的城市。
如何评价安大版《南山南》？,安大，赞
想问云南师范大学和安徽师范大学相比谁更强？,安师大名副其实的一本，实力应该总体也比云师大强很多，在安徽算是老牌一本院校了，分辨实力你就看学校的博士点数量就可以了，两个学校不是一个量级的
如何看待安徽师范大学设立足球学院的行为？,据悉，安徽师范大学长期以来注重足球专业学生培养，以振兴安徽足球事业为己任、大力推动校园足球发展，已先后成立男子足球队、女子足球队，加强校园足球改革的整体部署，对足球教学、训练、竞赛体系实施改革，形成规范的管理工作机制，并开展校园足球活动，提高学生素质，促进青少年全面发展，积极践行社会主义核心价值观。
如何评价安徽大学最强的蕊蕊？,全安徽最强（省赛第一，几乎所有题都是她解决的） 安大入校水平最高 待人友善 长相秀美 代码写得好，还那么可爱 
安徽女大学生扶人事件中，受害者和施暴者都有哪些？,简单的说吧，受害者最直接的肯定是老人，然后是我们的大学生，而潜在的受害者则更多，诸如我们这些因为各种类似新闻影响下而在是否扶老人问题上心存犹豫与挣扎的人。 施暴者我最想说的就是我们那些所谓的媒体，那些无下限节操的所谓媒体！
安徽文科生考中国传媒大学难吗？,谢邀。同 @孙宇宸   先说我自己 做一个参考吧 中传15级广告学 高中在安徽省阜阳市太和县第一中学 文科生 高考成绩是653分 省570名 在高中年级第十。  中传在安徽的录取分数线也在逐年增高 现在要考的话 肯定要比我当时难一点 至于到底难不难 要根据自己的成绩判断。
如何优雅地吐槽自己的母校？, 安徽大学：（211，您没听说过吧？哼~）   1、肥西高等专科学校。   2、翡翠湖西岸青年疗养中心。   3、部分安徽省人民可能都不知道的大学。   （作为一个北方人（华北），我上大学之前反正是没听说过安徽大学，至于为啥报了，阴差阳错）   注：   1、隔壁合工大的过来的话看在翡翠湖的面子上请点赞。毕竟安大给你们输送了那么多妹子。 2、南七技校的过来也请点赞，毕竟安大给你们输送了那么多妹子。  3、没错，就是这么不要脸。 ……………………………………………………………………………  补充于2017年1月6日：   1、这么没有存在感的回答（学校）居然有10来个赞了！可居然主要是靠着合工大的兄弟们给顶上来的！我也是醉了！知道我为啥要吐槽安大了吧？在知乎X格这么高的地方，安大的校友你们在哪里？   2、还有安徽师范大学（我知道贵校在安徽省内比安大还有名气），安徽财经大学，安徽农业大学等众院校，都来点赞吧！（不少都是奔着安大考研的吧）大伙儿该说了，这时候你想起来我们来啦，我们可不是什么985，211。没关系啊，我不在乎啊。我不要脸啊，我只要赞啊。  3、本奇葩的言论不代表安徽大学。我不要脸我承认啊，安大也没教过我这些啊。本人开的是女low咖视角，但是安大可一点儿都不low，宿舍还有空调呐~哎呀，这么说显得自己好low…  …………………………………………………………………………   补充于2017年1月10日：   1、承蒙各位厚爱，如此不要脸的答案居然已经有20多个赞了！作为一个知乎小白实在是有点儿小激动啊~   2、校友没炸出来，炸出了一帮合工大的汉子，合工大的汉子~你威武雄壮~~~   3、其实本来想顺带黑一下裤子大的，但看你科学子都那么低调，还是不黑了吧哈哈哈~反正也不稀得和我们玩~哼！主要是啥呢，安徽省内高校的名气主要还是靠你科，人类科技进步也得靠你科，所以呀，耐住寂寞好好学，实在耐不住寂寞了，可以来安大散散心，虽然老区没什么人了，但是欢迎来安大新区观光。工大汉子们也一样，雨露均沾~~~（近水楼台先得月嘛，我什么也没说……）   4、记得有句话说的是“学在科大，吃在工大，爱在安大”，上面我也是开玩笑而已，您看个乐就行了。大家都应该好好学习的。  5、各位评论的我就不一一回复了，出于礼貌我会给您回点个赞的。但是您别忘了给我点赞呀！还有只评论不点赞的，您也别评论了，我…也…不…想…看…你…来…咬…我…呀…哈…哈…哈…咦…真…不…要…脸…略…略…略   补充于2017年3月1日：  合工大的汉子们我真的给你们跪了哈哈哈！你们为我校的“知名度”的提升真的做出了非常大的贡献！啊哈哈哈哈哈哈！   补充于2017年5月5日：  1、万一有校友或者同院系的同学认出我来啦，请你不要联系我。谢谢。你可以在心里“评价我”，没关系的。但是如果你有什么建议的话，请你联系我，我知道我也只是在以一种拙劣的方式在骗赞而已。  2、凡是能看到此处的知友，如果你是安徽人，我不管你在哪上的大学，都请给我点赞好吗？安徽大学的生源大部分都是来自安徽省内，你说我一个外省生源在这里如此卖力（虽然看起来很笨吧），你们好意思不点赞吗？！能给安大骗来一些优秀的学弟学妹也是好的呀~  3、点过赞的还有即将要点赞的，都送你们么么哒哈~  4、我比较懒，不想上表情包……哎呀，我还是太笨了，连骗赞都不会。。。。。。 
请问安大考研教育学好考吗？,安徽大学教育学有几个专业啊
中国科学技术大学（USTC）是否应该迁校？,文革中科大被迫迁出北京南下，没人敢收，时任安徽省长的李德生同志具有远大目光，身为河南人的他在河南、江西、湖南不愿接收的情况下容纳了中科大，落户安徽，其中种种艰辛转折不必赘述，除去中科大，安徽还有两所211院校，除了每省固定的一个名额给了安大，也有着60年代就被确立的重点大学合肥工业大学，这个比河南江西等省份只有一所要好很多，看看每年安徽省给科大的财政补贴再看看给亲儿子合工大、安大的你就会发现安徽省对科大是多么的照顾，北上广不乏名校，科大如果当年留在北京还是有很大的未知性能取得今天的成绩，试看当年南迁之后又回北京建立校区的中国地质大学、中国矿业大学，哪个能盖住科大的名头，我们以科大这所国字号的大学落户安徽为傲，可我们也承受了许多别人不敢承受的风口浪尖，再看科大给我们带来了什么，四大科教城市之一，三所国家实验室，高新区落户，这些都不重要，重要的是我帮过你，你不用感激我也有私心，但是请别太无情，患难才见真情，毕竟这么多年我们没有把你当做城市敛财提升知名度的手段，没有拿你做宣传，提及科大很多人依旧不知道在合肥，你要研究，我们给你支持，研究完了之后你拿去上海苏州的研究院照顾他省兄弟我们不生气，或许这座城市不够优秀，但是却待你别样好。
在安康学院就读是一番怎么样的体验？,高考没考好，来了安大。心中不是没有愤懑不平的，我虽然不是个尖子生，可是一直也算是个不错的学生。当初中考就没考好，530进的一中，后来高考就更坑了。。。。我一直觉得我上个一般的一本还是可以的，可是谁知道连二本差点没考上，所以刚来的时候我很不开心，非常不开心，非常非常不开心。最大的体验就是安大很穷，这是真的，穷的连图书馆都没有。。。不过也快建好了，大概下学期吧。 我大学很平淡，成绩不好不坏，不爱参加活动，没有参加学生会什么的，我感觉现在很迷茫，不太知道要去做什么。当然这是我自己的原因，和学校没有关系。 刚高考完，我的感觉就是绝望。我的理想什么的，可能这辈子都没法实现了。不过安大很美，老师很耐心，我觉得说什么设施不好，实验不多的，完全就是一个原因，我们穷啊穷啊穷啊穷。。。。不过我不大准备考研，所以实验什么的无所谓了。。。 书不会因为你是二本生就不让你读，所以还是在自己。学校也不是好或者坏可以言论的，学校是个无意识的东西，能让学校名声好名声不好的，只有人。所以你怪学校不好还不如怪自己不努力。希望安大学生不断进取做出成绩，让安大也成为被人们所熟知的学校，让我们成为安大的骄傲。 就像有一个答主说的，这是我的学校，这是我的青春。厮是吾校，虽不如清华赫赫吾校名无穷，却也值得我们同抹黑她名声的人战斗。
安徽大学生扶老人被讹事件上演各种反转，导致网友墙头草，国人到底如何才能不做笨蛋被左右玩弄？,其实，这个和素质真的没有多大关系！ 曾经的我也是一名键盘侠，总觉得骂骂小日本，踩踩富二代是件非常牛逼而值得骄傲的事，甚至于一度的认为这样的畅所欲言，这样的无所顾忌那才是人生，莫名的成就感油然而生！ 然后后来接触了许多人，看到了许多事才能明白，日本没有那么不堪，富二代也大多受了良好教育！ 而为什么我会先去这种偏执中去呢？ 当然媒体引导不客观其实占据了一些因素，但是更大的因素其实更在于一个人的阅历！ 试想一下，一个真正的功夫者更愿意的是见招拆招，急功近利的去攻击者其实反倒是漏洞百出！ 就像你说的事件，那些阅历浅薄的人他们在媒体的煽动下感觉似乎发现了什么新大陆一样急于的去陈述对事件的不满，他的阅历根本让他等不及去探究深一步的真相，因为过去有很多类似的例子，显而易见！
为什么安大附近的美林美妆东西那么便宜？,所有美林美妆店都比较便宜，会员价和正常价相差太多了况且会员是非常好办理的，彩妆护肤之类的不要在那里买大多是假的我经常去淘他们的纸巾质量还行价格也优惠。
求推荐安大经济学院学硕803西方经济学考试教材？, 泻药。高鸿业教授主编的《西方经济学》，具体是第四版还是第五版忘了，再加上一本圣才考研网推出的课后习题解析，如果有多余精力的话看看曼昆的《经济学原理》也可以。不过我认为安大经济学院考研专业课还是挺简单的，都是基础知识，没有太怪异的题目，把《西方经济学》多看几遍，最好能下载到真题补充，考研论坛上都会有的。 
中国科大周围有什么美食？,泻药。 看来是要暴露我在吃货界的帮主地位了~ 1、东区东门出去南走200米，得符香蜜汁烤翅。蜜汁烤翅是招牌，味道确实很不错，不过，个人觉得最大的招牌是变态辣的烤翅，有人在吃过变态辣的烤翅后喝掉了三瓶果粒橙，大瓶的唉！不要问我是怎么知道的~  2、老火大骨头。距离还是有点远的，在南区旁边，位置说不清了，自行度娘吧！不要被这么朴实的店面欺骗的好不好！不要被到南区的遥远的距离吓到了好不好！吃过一次绝对会有第二次的好不好！性价比还是非常高的，有自行车之前专门走30分钟过去的，每次去人都好多的！  3、安大北门小吃一条街。 安大在哪科大的孩纸们都知道的吧~从西区骑车穿过安大，五六分钟就能到了，真心不算远。在科大有体会到合肥的生活气息吗？有体会到大学带来的校园经济发展吗？有见过科大的小吃一条街吗？还好安大的小吃一条街都能满足你，大概有二三十家不错的小吃店，种类还是非常丰富的，蛋挞和砂锅是个人最喜欢的。顺带说一句，晚上5、6点的时候去那边，是最热闹的时候，好多安大、安医大的妹纸们都会去那里吃的哦~科大的汉纸们是不是动心了~~开玩笑啦，BTW，今年一月合肥卫生检查的时候，那边在外面加了一层蓝色的围栏，不知道现在拆了没有哎 4、尚品宫纸上烧烤。科大东区北门向北走，百老汇旁边。 其实许多人并不是太喜欢这个店的哎，相对更喜欢楼上的随意小酌的自助火锅，不过个人真的好喜欢这个店啊！其实，中午刚从那里吃了出来的。。。这里烧烤也是自助的，价格还可以吧，三十多一个人，除了烧烤，每桌上都附赠一个自助的小火锅，种类相比楼上的随意小酌还是丰富不少的，尤其是还有冰淇淋哦~    5、店的名字不记得了，位置大概在这里，宿松路红绿灯东侧艾比克南边30米左右的三岔路口向西走第一家，一个烧烤的小摊~~炸的土豆片儿味道非常赞哦，里面还是有盖浇饭炒饭之类的主食的，感觉味道比南门出去的那一片烧烤味道不知道高到哪里了~  6、好吧，其实吃的最多的还是西区东门的那一片的小吃了。晚上从西区做完实验回东区的时候，必定要买点什么带回去的~~就说两个最喜爱的吧！第一、神马真给力土豆，名字没写错，人家就是叫这名字的，真的超级给力的好不好！抹上番茄酱味道更赞啦！室友都点名要求我从西区回去的时候给他带的哎~第二，鱿鱼卷饼，这个分量还是很足很足的啊，关键是闻着太香啦~~(对于东区的孩纸，记得只有晚上才有哦) 7、我说的这个大一的小朋友们已经无缘见到啦，在你们来之前，清真食堂还是叫做星座餐厅的，那时候可没有现在清真食堂这么高大上，不过，里面第二个窗口的烤肉蛋炒饭味道真心好啊，无数次坐在清真食堂干净的桌面上，看着一束束美艳的玫瑰花想着曾经又脏又破的星座食堂里的8块钱的烤肉蛋炒饭啊~btw，之前那里面的小火锅味道也是很赞的，至少不会像现在这样西区有三家麻辣香锅东区却什么都没有啊~~(捂脸~~)    什么？以上所有都尝过了？好吧，最后再给你介绍一个 非常冷僻的地方吧！   冷僻到所有地图都不合适了哎。。。将就下这图。。大概方位看清楚了吗？看到创景花园那里的一个小王卤菜了吗？我要说的不是小王卤菜，而是小王卤菜旁边的一个小型的美食城，就在一楼，找到小王卤菜就能找到。从科大北门骑车五分钟内能到。那里面有两家麻辣烫，还有些小火锅盖浇饭面食之类的，其中有一家麻辣烫提供芝麻酱，味道挺不错的，店主好像是一个四五十岁的大妈的，很和蔼。其实是有一次，我在百度上看到那里附近有一个豪大大鸡排，和同学一起想去的，找了好久都没找到（后来打电话给店主得知是关门了，度娘推荐的真心不靠谱~），就偶然发现了这个地方。好吧，我承认是在科大太寂寞了才出去觅食的╰_╯  就先到这里啦~~~
安徽师范大学历年新闻传播专业研究生复试分数线是多少？,你怎么从211苏州大学考研去安徽的双非学校了，你是苏大统招全日制的吗？
四川安大体育用品有限公司和安踏什么关系？, 国内著名品牌“安踏”在四川的一级分销商。  
有谁能帮我找到安徽建筑大学的机械设计的试卷么？,看来是直系学长呀，虽然我也是机械的，但是我只是大一  并不知道学长所说的试卷。
安徽审计职业学院会超越安徽财经大学吗？,我财被黑的最惨的一次
有人知道安大校园里哪个公寓可以租住吗？外校考研的想在12月份过来租住,学校里的学生宿舍不外租，但是学校附近有小区可提供租房
在安徽工程大学就读是如何感觉？,本人大一新生，表示老师很垃圾，话都说不清楚，讲座也很无聊
在安徽大学就读是怎样一种体验？,。。。。。。。。。。。。。。。。。。。。 硬背景介绍：         安徽大学95年第一批入围211工程大学，教育部与安徽省共建，于1928年建校。学校老校区在市区；本科生在磬苑校区(新校区俯视像乐器磬)，与合工大翡翠湖校区隔湖相望。  安徽大学有26个院系，综合型大学，学术层次偏文科(但不是说安大的理工科就差，计算机就是国家重点)。没有医学院，也没有建筑学院，这对于综合性大学来说略有遗憾。  安徽大学保研率13.2％，全国高校排61。也就是说60人的班你考前8名就有推免资格。  安徽受徽州派和桐城派的影响，导致"安徽"这个招牌就自带文人气息浓厚buff。的确安大的中文系和外语学院一直很出名，也因此这几个学院和国际处在世界各地的孔子学院大行其道，托他们的福，安大这几年国际交流的项目也挺丰富。   曼彻斯特大学和数院、电院还有2+2项目，详细查询各院系官网。  安大新区的图书馆叫文典阁，取第一任校长刘文典先生名。一楼大厅会随机展艺术学院或者什么专业的作品展。每年圣诞节附近会有戏剧系的年度戏剧表演！！每次排队都是从教室倒博学南楼前。  另外安大的教室，是可以随便自习的，而且夏天就算教室只有你一个人，教室的空调你还是可以开的，所有的寝室也都有空调！  安大的校友在安徽是一个bug般的存在。上次意外发现我们市长是我校友，我们县长是我校友，我们县法院院长还是我校友，于是我很好奇查了下惊呼：省公安厅、林业厅、科技厅、财政厅、文化厅、环保厅、司法厅、监察厅、国土资源厅厅长省台办主任以及安徽诸多县市的领导都是我们安大校友，表示安徽政法系统是在安大法律系人才上建立的。当然安大这种偏人文的学校还有很多文化人物。  附全景航拍图   http://  720yun.com/t/a1a24j8fu4  6?pano_id=368261&amp;from=timeline&amp;isappinstalled=0         (我一开始以为翡翠湖是学校内的啊！)  
在校大学生倡议安装空调却被某网站网友批判，合理吗？,记得去年的这时候，天真的超级热。 我们都是睡在宿舍地上了。 然后我们都在商量着怎么让学校给装空调。。  然后出了件事儿。 安大停电了。。。然后安大的同学坐不住了。 据说安大男生们把宿舍的东西纷纷往楼下扔。。    什么塑料盆啊。热水瓶啦。。。。  停电致安大学生疯狂     安大发生学生抗议事件：高温停电引学生砸东西呼吁装空调    场面极其劲爆。。。 当然最快活的是捡塑料瓶的大妈。。 然后也不知道是不是因为这件事儿。 反正后来省教育局要求全省高校安装空调。  今夏酷暑不再：安徽各高校将全部装上空调    然后今年就装了空调。。。 然后。。直到现在，2014年6月26号，我还在穿长袖。。。 今年夏天冻死人了。。。= = 空调也没开过几次。。。  至于该不该抱怨。 我不置可否。 我是不会抱怨，因为有电风扇我就可以睡得很好了。其实很多时候吹电风扇还是为了吹蚊子。 但是要真是觉得热，也不用抱怨。 叫上一群人随便闹个事儿就行了。 题主学校的这个活动力度不够大啊，你要让学校感觉到你们的愤怒。  至于吃苦什么的，我个人的原则是，能住就住。 至于把这个和“奴性”说成一回事儿的。 我真的很讨厌这个词。 非要世上万事都得顺着你的心意才算不“奴”么。。。  当然，如果真的很热，装空调也是应该的。   所以，大学生可以抱怨学校没有空调，也可以要求学校安装空调。  因为现在生活水平已经有了改变，要是换在十几年前，每个学生宿舍都装空调确实是不可能的事。 所以对那些说不能吃苦的人，  我能吃苦，但是我为什么要自讨苦吃？  那些说自己当当年怎么怎么苦的，也只是一种嫉妒的心态罢了。  最后作为过来人，说一下装空调的事儿。 首先是空调内外机安装。大概耗时一个多星期（学校空调是格力的，安装人员也是格力，速度很快）。 然后在宿舍楼铺线，同时宿舍楼外建变电箱（我也不知道那玩意到底叫啥），这个是普通电工干的，用了俩星期。 然后期间整个合肥肥西县停电若干次，应该就是为装空调改电路。因为肥西大学城很多大学今年都在装，应该是集体改线。 然后就没了。 我们学校现在还在试运行，具体的收费方案还没出来。不知道其他学校是什么情况。
如何评价安徽工业大学？,安徽工业大学坐落在中国十大钢铁基地之一、 南京都市圈   核心层城市安徽省马鞍山市。是安徽省重点大学、“ 中西部高校基础能力建设工程   ”重点建设高校， 安徽省高等教育振兴计划   “地方特色高水平大学建设”高校，学校具有 推荐免试研究生   资格，具有学士、硕士、博士三级学位授予权，[1] 具有招收海外留学生的资格，设有 博士后科研流动站   ，同时是国家 高水平运动员   招生院校、教育部“ 卓越工程师教育培养计划   ”实施高校，教育部高等学校本科教学工作水平评估为优秀。 学校的前身系隶属原国家冶金工业部的 华东冶金学院   ，是华东地区唯一一所冶金行业本科层次的高等院校，后划归安徽省教育厅，实行中央与地方共建、以安徽省管理为主的管理体制。2000年更名为安徽工业大学，现已发展为一所以工为主，工、经、管、文、理、法、艺等七大学科门类协调发展、具有行业特色的多科性大学。 学校现有两个校区（佳山校区、秀山校区），共占地2555亩，校舍建筑面积78万平方米，教学科研仪器设备总值2.79亿元，纸质文献资料200余万册，面向全国23个省、自治区、直辖市招生，全日制在校本科生19846人，各类全日制研究生2303人。----百度百科 自己个人的看法是在国内这种社会环境下就是一个普普通通的三流吧，很多方面跟一些211差不多。
安徽师范大学汉语言文学在全国来看是什么样的水平?,我想说是安徽师范大学的好专业之一。至少，在我心目中它是最强的，在全国也是可以的，还是有好多人考研要去安徽师范大学汉语言文学的
我是安徽大学国际商学院的学生，也就是安大的专科。我该出国还是专升本？,去年学校体验项目去过格林威治大学，今年九月打算去那读本科最后一年，我虽然不是安徽大学的但是在那边有很多安徽大学的学长学姐，来接待我们的也是，格林威治是一所很棒的大学，排名低是因为学校是文科艺术类大学学校建筑楼等都是文物科研能力跟不上，学校还后面还有个旅游景点以及著名的格林威治天文台，个人觉得，我们去年在那体验了十天，那里的老师以及餐厅工作人员都非常友好，很有责任心，全程陪同的安徽大学学长也给我们留学了很棒的印象，他们现在有的继续留在格林威治读研究生有的作为跳板申请到了很棒的大学读研究生，比如雷丁大学 格拉斯哥 拉夫堡等等，我们今年九月去格林威治大学老师给的费用标准是一年20万元，包括了所有的费用当然具体生活费看个人花销，如果有条件这是一个不错的机会去看看世界去接受西方教育，虽然格林威治综合排名不是很高但是商学院排名还是可以的，国内排60左右如果我没记错…虽然不高，但只要拿到二等一学位，申请前三十的大学读研究生根本不是问题，当然最终决定还是在你～关于回国就业的问题企业要不要你我觉得完全取决于个人的实力，如果能在格拉斯哥这类大学毕业取得研究生学位我不相信进不到好的单位 ，总之留学说俗一点对于我们这种家庭不算富裕的来说就是为了以后的赚钱铺路，当然不是说一定就能比不出国的赚得多，总之人各有志～不管怎样都希望你成功 
安徽大学真的垃圾吗。？,你要在安徽省内混 口碑还是不错的，安大是个招牌 出了安徽省，能知道安大的就不多了，出了专门对各个大学比较有研究的，像是大学老师啊等等 但是安徽大学本身是不错的（不要迷信大学排行榜） 每个专业都有大牛，你想要拿奖学金也不是那么简单的事情 那种说法“所谓闭着眼睛随便拿奖学金的人”估计智商都200往上数吧 我们安徽大学有很多都是可以进985甚至你想象不到的更好的学府 我有个同乡学妹高考分数可以上武汉大学法学院的，也来到了安大 很多都是各种各样的原因高考没考好啊、志愿填写有误啊 来到了安徽大学，所以人才绝对不少的，校园风气好 学习氛围也非常好（我没见识过其他大学，没有对比性） 至于教学和学校资源 可能真的弱一些，但是垃圾不至于 有非常出色和负责的老师  所以说，你选择安大了吗？
在安徽农业大学就读是怎样的一番体验？,刚进入安农的来冒个泡  因为是大一 所以不对安农学术方面做评价 不过准备从心理学转到法语了但是很心酸   因为是大学生新闻中心的一员所以给学长学姐学弟学妹和好奇或是思念安农的你们送上一些照片  希望你能会心 回忆   神农像前晨读的学姐学长     人文楼六楼俯瞰大草坪 非常美丽呢     前几天霸王级寒潮来的时候 从安农门口路过随手拍雪中安农历史悠久的南门    凌晨6:30的欣苑食堂~    著名的学霸狗和好吃狗（别问了单身狗在打字     估计是最帅的歪果仁了！可以已经有了女盆友…    2015年成功举办的运动会 场面超刺激的 每天锻炼的人也超多    西瓜皮大操场！正对面是刚修好的游泳馆！    行政楼（一教）的听说是苏联时期建造的老房子的古朴的窗户~   二栋对面的三栋女寝 才不会告诉你是在厕所窗户拍的呢    校医院 绝对有历史的房子和树们    动漫社招新（百团大战现场）    开学不久的天文观测大会 影像部土豪们贡献器材 拍到了坑坑洼洼的月亮姐姐       随手拍的勤学楼 请不要嫌弃~    小西门出去的官亭路 超级热闹！！    绝对菠萝炒饭很奇怪就拍下来了hhh  那么今天先到这里喽~如果还想看可以跟我说   其实还有很多照片 之所以不放了是因为        食了屎了 原本弄好的完美回答因为没有保存所以没有了   ※※※※※※※※※※※※※※※※分割线※※※※※※※※※※※※   小学期选课时的欣苑食堂 拼网速的时候 往事不堪回首     依旧是晨读的考验学长学姐们     首艺理发店门口的雪     勤学楼门口 那天破天荒到的很早ヽ(ﾟ∀ﾟ)ﾉ     欣苑小礼堂  普通话大赛现场  找照片好累啊  照片儿太多了  好久没更新啦嘻嘻    路过排球场 勤学楼后门 夕阳     神农杯足球比赛~      二栋宿舍楼前 东苑食堂 男生一栋宿舍的回忆~  已经在法语学习啦~谢谢学姐学长和大家的关心       嗯哼 高考英语改卷子的地方 每天和改卷老师一起进门 然后 考试周来啦 祝大家统统都能过 绝对不会挂        ＊＊＊＊＊＊＊我是准备暑假的分割线＊＊＊＊＊＊ 转专业真的是个人爱好啦，高数学不来。心理学还是很好很有前途的！ 替室友们欢迎学弟学妹⁽⁽ૢ(⁎❝ົཽω❝ົཽ⁎)✧     前几天大雨 在一教行政楼前留念湿透的自己  对面就是八教勤学楼      在东门买夜宵留念硕大的月亮！！ 以及东门的夜宵真是品种又多又好吃 经常宿舍四个人都上床了还在说“好饿啊好想喝东门的豆花”嘻嘻      外院通往小西门【？？的那条路 前几天真的又潮湿又闷热昂      北苑的炒饭【那天阳光很好            给盆友拍的写真 是在安农里哦 在这就不多放了 最后一张花絮乱入 希望暑假可以约到更多的妹子！ 【雄心勃勃！！     一发短小的更新  好像考试差不多结束了？ 希望大家取得好成绩~ 反正我的成绩是已经出来了 假期快乐哈 下面是5种用法语说“亲爱哒”的方式~送给大家❤     还有什么想看的地方么？直接留评论吧ᕕ(ᐛ)ᕗ         我是大二开学的分割线  新生来了 请给学姐在食堂留个位子好么 哭哭         我没有去迎新所以没有更多照片啦 新生都是又萌又可爱的 而且今年没有军训 实在是太幸福了 希望你们在安农能有一个快乐的大一生活嗷      悄咪咪放两张前几周下雪的安农  和一个意外发现的雪人【？   考试周到了大家一起加油预习啊           —————2017.6.27—————— 高考结束啦  又要迎来好多新鲜的小学弟学妹了嘻嘻  但是我也…成功…老成…大三狗 很热但也很美好的没有任何修图其实是因为太懒的安农送上  【不知道算不算是广告】北苑食堂旁边那个拿中通快递的小巷子里的花甲米线有猫！！英短！！3只！！超乖！！天堂！！米线也超级好吃！没有蒜味所以不用担心中午吃了下午有味道！！今天中午我要提着4份儿米线回寝室 保持微笑！世界会更美好！  希望公寓的小伙伴给我推荐推荐北二门的好吃的啊！能请我吃最好了嘿嘿 ！为什么说东门好吃的多……还不是因为北二门太远了！所以说安农就是好吃的超级多啊！再加上小西门官亭路一条街！不要太幸湖！！  【给她美颜了 小仙女怎么能不美颜 虽然不美颜也无敌美貌！！】  p.s最近好多小伙伴加我qq想要询问关于安农的情况 其实我也不太懂这块所以很多解答不好 emmmm....拜托大家多多谅解哈！
安徽大学哪些专业比较好？,英语，法学是13年自己填时了解到的优势专业，到今年，安大新传发展的不错，各大全国高校新闻传播类专业排名榜单上都有其身影，分也一年年的长~~总之文科都是棒棒哒~当然理工科也在不断进步中~~
在安徽医科大学就读是怎样一种体验？,答主也要成老腊肉了  原来也许是集体荣誉感使我即使还没有进安医也愿意去维护他的存在，现在已经一年过去了，我想说我永远也不会去黑我的学校。还是那句话中国高校的通病不要再安医上过度放大，高校行政化就是这个样子，能怎么办，学校领导就是sb有本事你去当宿舍破你投资全炸了重新盖食堂难吃把米其林大厨叫过来成不，总之一年过去看那些不嫌事大的回答表示着实无语。校领导难道日日夜夜都想着把学校搞垮坑害学生？总要给他时间让他慢慢变好，像现在这样来个新生就把人家吓走，断了生源断了科研，安医连现在的地位都没有都哭着走吧，一教新盖，楼新建，再不起眼的变化也总得需要时间吧…你有你的不满，学校有学校的无奈，无爱也请不黑这是安医学子最起码应该做到的。 同是在安医边缘专业，本专业确实院小人少有点水但是老师都很敬业很爱护学生，我们作为非医学生也能明白医学生的苦和辛酸，每次跟别的学校的同学聊天都说我们学医的孩子都特别辛苦我们临床专业可厉害了，学校学风特好 之类… 就是希望学校资金充足把硬件设施提高，扩建就不指望了宿舍重盖一教安空调啥的 规培啥的我也不懂但是辣么多同学都在吐槽就希望政策以后调整，要是真弄的没人学医了可咋整 不接受批评因为我是漂亮小姐姐  -----分------割--------  哦，我安医好多差评啊，心疼    关于中国高校的通病不需要在安医上过度放大毕竟不是985211     怎么说呢医科类的大学可能确实和综合类的大学有些不同，不管是学校管理还是校园活动上和人多校大的大学没法比。    一个学校不是以你学校多大娱乐生活多丰富来评价，有科研实力才是王道，安医作为安徽高校历史最为悠久的老校，其多年沉淀的实力并不是随随便便就否定的。    安医不大，但是楼高啊 确实有（非研楼）些宿舍很旧很让人吐槽但是捯饬捯饬应该还可以，炸掉盖新楼也不是随便就能的啊。在市区小点就小点了，毕竟方便啊，兼职逛街什么的会很愉快 上了大学会发现学校再大并没有什么卵用。食堂差评？我高中三年食堂大饼加香肠都没说什么，不想吃出去就是了，只要有钱市区到处是吃的    医科类大学，专业性很强，毕业后会发现你选择的路上更多校友在左右，谁说人脉不是实力？    很多人在吐槽学医，说学医苦累忙，拜托忙总比闲的蛋疼强，学一门技术总不会被人随意代替，现在有哪个专业学的轻松毕业有人要？能者多劳，自己掂量。真正进入医学领域才会发现这是需要付出和承担的路。      不论进入哪所学校，学校提供给你的绝对比你需要的更多，再好的条件也挡不住堕落的心，所以一切靠自己。     如果有人觉得安医收学生分低那就错了，想学临床省内起码重本线60+，八年本硕80+ 外省或许有二本收，但投档线早已超过外省的一本分数线。写到这我还是很骄傲的，说明学医并没有没落，医学依旧可以留住人心      虽然我说了那么多，很愉快的告诉你我今年刚毕业，不是大学毕业，是高中 。我确实也不是临床的学生，是医事法学。     我的第六志愿并不会让我后悔，青春在哪都不会后悔。     我妈是医生，所以我对那些看不起或者对学医有偏见的人无话可说，良心行业，不会让你发大财，但绝不会过的落魄。     关于我自己，我原本期待在一个离家远的地方上学，现在我情愿在离家不近不远的地方，带着初心奋斗      与君共勉
安徽工业大学工商学院怎么样？, 我就是安徽工业大学工商学院的学生，我可以很负责任地告诉你，这所学校很差劲！ 三本跟一本真的没法比，哪怕最差的一本，也比三本要好 ，当然，可能也会有一些个例。  首先，这所学校现在 不再和安徽工业大学一起办学，已经分离 ，虽然还会有安徽工业大学的老师来上课，但来的那些老师基本上课都不认真，因为他们来哪里也只是为了赚点外快罢了。  第二，这所学校的新校区在马鞍山当涂县姑孰镇，旁边真的很荒凉， 几乎没有任何娱乐场所，你想要出去找兼职都很难找到 。把这所学校搬到哪里的目的就是为了促进当涂县的经济而已，而且当涂县的物价也很高，比市区都要高，产品质量根本不行。当涂县的风气也不好， 县城人以为自己是百强县就狂的不得了，你去买个东西，跟他们讨价还价，有些商家甚至会说：“你不知道这是当涂县啊，市区算什么东西！” 等等 。  第三，大学最重要的不是什么高楼、篮球场、网球场这种东西，尤其是网球，一般的大学生哪里消费的起？安徽工业大学工商学院自从被赛维投资后，几乎已经 放弃了教育 ，把这所大学当成了一个消费广场，里面建什么购物的地方，给商家招标啊之类的，结果， 去年一项比赛的经费被削减至以往的三分之一左右 。呵呵哒。 大学最重要的是老师，是教育质量啊！！！    第四，这里的老师真的不行，三本里面几乎没有好老师，你如果只是为了一纸毕业证书，你就来吧。你如果是有抱负的青年，我劝你一句，走吧，离开这里， 这所大学甚至不如有些地方的高中呢！！！！！    第五，学校的管理制度很差，因为搬到了当涂，很多老师的家都在市区，晚上基本上只有几个老师在这里，要是出了点事怎么办？？？全校几千人呢！而且学校因为和食堂承包商产生了经济纠纷，现在全校仅有一所食堂，一个食堂顶多容纳一千人吃饭，要是都在饭点去，吃完饭也要上课了。  第六， 安徽工业大学工商学院完全没有人文情怀 ，我作为这里的学生以后真的很不好意思说毕业于这所学校，我在这里待的毫无归属感，这所学校自始至终给我的感觉都是一种商人的气息，哎，我就说到这吧。我也不想再黑了，学校估计会请水军去贴吧的。   
本人安徽省理科考生，名次大约7800，考虑武汉理工大学、西安电子科技大学和东北大学，各位有什么建议？,这个问题必须回答下。东大，没得说啊。本人安徽人今年9月前往东大读研。我寝室的好朋友去武汉理工，我姐夫曾在西安电子科技大学读书。（你说的要素我全部具备）先说说我的理由。 1.东大985，985在一定的程度上代表了很多事情，很多用人单位对学科不是太了解，而苛求985平台。 2.东大人文给我感觉印象深刻，去复试时候很多不认识同学很友善很乐于帮助人。 3.东北最近被黑我不否认，但沈阳最为东北最大的城市，物价不高，生活方便，而且妹子也很漂亮哦。 4.东大的工科非常好，自动化、机械、计算机等等。 5.可以感受北国的人文，可能我向往远方，想感受不同的人文，接触不同的生活。 6.沈阳交通方便啊，内入东北，外接北京都很近。 7.你如果以后保研还是出国，985对你很重要的。 8.本人没有地域黑，感觉祖国哪里都好。只不过有些地方经济这几年发展的好一点，有些迟一点。难道单单评这个有些人就有优越感，那也太让人无语了。 最后祝东大越来越好。
为什么安徽大学教育超市夏天连空调都不开？,不请自来  作为一名安徽大学学生我来回答一下这个问题。  我发现经营一家大学超市没有经营社会店那么复杂，不需要每逢节假日宣传做活动，商品种类也比较单一。综合来说，校园店做起来还是比较简单的。 但考虑到学生的整体消费水平还是较低的，而且客户不易流失，尽可能的节省成本就很重要，教育超市面积还是比较大的，可能会需要中央空调系统，这样就大大增加了成本，降低了利润。  强力推荐：安大竹园楼下的 南苑免税店 万宝路冰爆（上不了图）和  绿豆沙冰（榴园超市绿豆磨太碎有种不太好的感觉……）  
在安徽师范大学就读是怎样一番体验？, 又到了填报志愿的季节，不管我怎么写的，AHNU绝对是一个符合你成绩的好学校。如果你想报考，欢迎加入AHNU大家庭mua   ----------  安徽师范大学，一所百分之八十以上都是由安徽省内学生构成的学校，外省的学生在这里就读，一定是发光的极少数。就读四年，除了口音被浸染，可能更多的是把安徽地区的行政区划摸了个地儿朝天。  阜阳、六安、铜陵、池州、亳州、淮南、淮北……这些你过去听都没听过的地名，将会成为每一位师大学子耳朵中的常客。   本喵就是极少数的外省人。   “啊，王小喵，你在哪上学？”  “……恩，安徽一所学校。”  “啊！怎么跑到安徽去了！那个地方好穷！……是安徽大学么？”  “……恩……安徽师范大学。”  “啊……在合肥么？”  “呃……我想……可能在芜湖吧。”   上面的对话，在我大学以来进行了无数次。对大多数安徽省以外的学生来说，“安徽师范大学”就是神一样的存在。本喵是一枚新闻系学生。学完当老师？学新闻？学完当新闻老师？还是当主持人？新闻一定是艺术生！  打着“师范”的旗号干“综合”的事，这就是安师大。   Ok，回到正题。  说到“体验”，我想这个词本来就是一个带有极强的主观意味的词。一千颗不同的心不同的生活态度与生活方式以及生活背景必定会有不同的生活体验，我的回答以个人体验为主，仅供参考。   学校分为 【赭山校区】 和 【花津校区】 两个校区，还有一个三本 【皖江校区】，忽略不计。 赭山校区位于芜湖市中心，是师大的老校区，专业所剩无几，大多数专业都转移到花津校区，也就是新校区。新校区位于所谓地价地商业少靠近环线的城南高校区，但是芜湖太小，所以新校区离市中心也就十几分钟的车程（本喵经常和小伙伴从市中心走回学校，也就一个多小时）  以下回答主要涉及花津校区。   本喵安师大大三新闻系学生，来自河北石家庄，算黄河流域。  2012年9月6号，最后一次从石家庄老车站坐k1266次列车离开，经过14个小时的车程，跨越1000公里的距离，带着无限的失望与绝望来到长江流域的某座城市——确切的说是长江边上一座小小小小的城——芜湖。  一座大学与一座城市息息相关，因此说到师大必须要简单提一下芜湖这座城市。  芜湖火车站很破，破到第一次来上学有一种转身退学回家种地的冲动。车站规模小、设施落后、装潢七十年代风格、还有浓浓的异味……  芜湖也很破，高层少的可怜，街道窄的可怜，到处都是小里小气，和“都市”这个词差的太远了。初到芜湖，只有两个字——想哭。我从来没夸过石家庄，去了太多城市，从来没觉得那个城市比石家庄还要差，想到我要在芜湖生活四年，想到我要在这座城市的大学——安徽师范大学——学习四年，倔强好强自尊心爆棚的我已经打心眼里对安师大有了刻板印象：一座位于小破城市的小破学校。  尽管我打心眼里已经瞧不上这所学校，但毕竟是这所学校让我成为了大学生，不至于复读或者走上嫁人生娃的路。恩，安师大是我最后一个志愿，所以，我对这里又爱又恨啊！  必须承认的一点是，在进行 校史 培训前，我对这所学校没有任何了解，之所以填报它，纯粹是被网上对于图书馆浮夸的介绍吸引了，对于自认为爱书的我来说，看见藏书很多，自然是选它做保底的学校了。直到现在，关于【 校史】 我也就记住两件事：1.我校成立于1928年，历史悠久。2.我校与安徽大学有不共戴天之仇！   进入安师大的学生大多数都要经历一个迷茫期，不知道别人，我身边大多数都是自诩高考失误然后来安师大的学生。 不得不提的是，安师大在安徽省内是一本学校，在安徽省外是二本。   对，欣然接受我自己在一所二本学校，而不是什么中国人民大学或者厦门大学，我用了一年的时间。期间轻度抑郁去过心理咨询室，翘半个月的课没请假回家一哭二闹三上吊要退学重考，虽然现在不能说爱这所学校，但说喜欢还是可以的。哦对了，本喵高中期间长期出现在文科榜的前三名。  但最后，我没退学，我身边那些高考失败来这儿的也没退学，这大概就是安师大的 同化能力 。   安师大没有任何学术氛围，这是一句大实话，所以如果你热爱学术，请远离师大。安师大的社团活动也是紧紧和学分以及行政挂钩，如果你向往自由是一个社会活动家，请放弃师大。安师大的学生会，不是说不能锻炼能力，不过大部分时间你都是老师小秘书，没有民主选举，所有工作和党团挂钩，如果你是愤青，请和师大say goodbye。   那安师大究竟是怎么同化一个人的呢？  当然，一大部分人是堕落变懒破罐破摔了。  还有一大部分人，被老师和每天站在教学楼图书馆河边背书的狂魔学霸们洗脑，走上了考研路。  还有极少一部分人（所以我说芜湖的观念实在落后），决定出国求学。  当然，后两类人还算是正能量的，至少他们选择了向上流动。  第一类人大概是实在受不了学校以及学校周围的诱惑了吧。没错，芜湖又小又破，夜店市场不发达、商业也是2014年开始突然发展起来的、其他娱乐活动也是两只手就能数过来的，但是还是有诱惑。学校两个食堂，一食堂四层， 第四层有网吧有KTV有琴行有各种吃的，二食堂三层；有一个对外开放的美食广场，和传统商场最顶层那些快餐没差，被称为安师大第三食堂；有三栋学生公寓利用一层以及地下一层开辟了快递中转站、零食铺还有各种吃的；学校各处都分布着“小熊家便利店“以及其他不连锁但极具竞争力的便利店；宿舍楼的连接处一般都被水果店占领，缺斤短两啊，抬高价格啊，不可避免。学校三个门，每个门出去都能抵达大型的supermarket，最远的不过四五站路。这还不算完，学校西门一群小摊贩听闻师大学子对食物的战斗力，趋之若鹜，纷至沓来，每天和城管斗智斗勇，用最脏的油做最美味的食材。离学校最近的”玮七”——集吃喝玩乐为一体的大型“大学生服务中心”。现在学校对面正在建设一个类似万达的商业广场，预计2017年开业。  所以，第一类人完全有理由沉沦，他们毕竟构成了学校的大多数，毕竟完美的诠释了“ 安徽吃饭大学 ”的校名。  但是， 安徽师范大学毕竟是安徽师范大学，毕竟是有着八十多年历史的老学校。   这里有着太多的牛人和不牛但勤劳的人。如果你真的着眼于这些人，四年下来，绝对也是佼佼者。  比如本喵，不是牛人，但现在可以拍着胸脯说没混过大学。  大一荒废，不提。从大二开始意识到时光荏苒，岁月如梭，至今已阅读社会学、传播学、心理学以及文学（这类最少）的人文社科类经典书目170本，不多，但觉得自己的眼界和高度能站到黄山的半山腰了。然后凭借着芜湖的地理位置，参与了南大、安大一些学术活动，和长江学者、威斯康星麦迪逊新闻学院教授潘忠党老师对话，现在的学术能力，和一般的研究生对话应该问题不大。   我相信很多人在上大学前都是抱着“谈一场轰轰烈烈的恋爱”这样的期望的，在师大，找一份爱情，很难。  师大是典型的阴盛阳衰，优秀的女生难以计数，优秀的男生屈指可数。这也不单单是指质量，数量也是一样。  男女比例失调的问题，存在于所有的师大院校。所以，别抱着在这里恋爱的念头，不管你是男生女生，先把自己变得更好再说吧。  不过，本喵还是不小心恋爱了，优秀的男生再少也终归是有的，碰上也全是靠缘分了。   住宿什么的不赘述了，楼上有人回答，一言以蔽之，怕蟑螂虫子老鼠蚊子的，请你一定放弃南方的学校！一！！！定！！！  现在的师大如果说更具竞争力，吸引力应该不是来自师资力量等软硬件设施，如果非要有吸引力，应该就是教师和寝室都有空调这件事吧，如果非要再加一点，应该是我们有知名校友刘奇葆同志吧。   最后，再扯回芜湖。  体验大学，死读书实在是太不明智了！要出门晃荡，行万里路。芜湖虽然小虽然破，但是很美，芜湖火车站虽然小虽然破虽然没有高铁， 但它能让你很方便的去到江苏、浙江、江西、湖北等省份旅行。大一大二是大学最清闲最没烦恼的阶段，趁周末和节假日，请一定迈出师大校门，走出”师大商圈“，去远方吧。  从远方回来，你会开始喜欢这座城市，进而喜欢这所学校。本喵无数次从外地回到芜湖，都有一种莫名的归属感，尽管每次从家乡来芜湖还是会带着不安，但毕竟生活四年的城市，会给自己带来太多的回忆，还有生和活的质感。而这些，都是安师大赋予的。   还有一年毕业，用一句话总结安师大应该是这样：  这是一个来之前带着期望，来了就后悔，走后会怀念的地方。   ----------------------------------------------------------------------------------------------------------------------   《青春和瞎子一起变成哑巴》图：王小喵 ↓↓↓↓↓↓↓↓↓↓↓↓↓↓↓↓↓↓↓↓                   请珍惜和疼爱每一只在师大的喵。  -------------------  2016.3.22  很久前受朋友的邀请来回答这个问题，没想到有那么多人赞，当然评论中也不乏不赞成我的小伙伴。  这些都很正常，毕竟观点多元，才是这个世界的精彩之处。  写这篇文章的时候，我多少夹杂了很多主观的情绪，比如高考失利带来的“心里阴影”（噗(´≖◞౪◟≖)，还有对于一个新闻传播学院从上到下的死板而非活力和思想争鸣的失望等等。  但是时隔一年，我即将从这所学校毕业，并且现在已经被美国佛罗里达大学和罗格斯大学录取，两个学校的传媒都在美国名列前茅，综合排名也在全球前百。这个时候我并不想说什么感谢母校栽培之类的话，但必须要说的是，对于安师大，我充满了感恩。  师大怎样是靠师生共同努力的，也许现在它不够顶尖，但是你来到这，就成为它的建设者。你可以让它拔地而起，也可以让它一夜崩塌。所以奉劝已经在师大就读和即将来就读的学子，师大是你人生的一站，你在这一站有什么样的表现和成就，和站台华不华丽没多大关系，自己定好目标，踏踏实实的去走，就一定会有该有的收获。  对于芜湖，随着心态的变化，我再也不觉得它只是一个落后的小城。这是一座环境优美的宜居城市，当然，对于读本科来说，这样的城市也是利弊共存。弊在于城市规模有限，你能得到的机会和资源也很受限。利在于再没什么诱惑的城市，你可以踏下心来好好的学四年东西，提高自己的职业技能或者学术水准。  个人认为，趋利避害，是让你能在安师大有“物超所值”收获的一大法宝。  师大周围现在好生热闹，新来的孩子们幸福极了。 
安徽师范大学历史系怎样？,匿一下回答题主吧……我是这个学校的学生，安师大现在历史本科教育都不行，遑论研究生教育。题主有心的话努力一把去考个重点高校的研究生吧，在安师大读研意义不大，无论你是出于以后要从事学术研究还是要找更好工作的考虑。水平差是可想而知的，特别是在现今高校扩招、人文学科境况逼仄的情形下，具体我就不细述了。
唉…本人女生，被安徽大学 通信工程录取，请问我需要复读吗？,蟹妖。安大14届通信。 这专业挺好，我算水平一般的，现在收入也算不错，4，5千有点开玩笑？？？ 该专业的特点是软硬结合，从cpu讲到高等语言，别的专业应该没这待遇。如果学的话，高等数学，汇编，c语言，vhdl 是我认为最重要的四门课。安大工科虽然的确似乎好像确实不怎么样，但该讲的，该教的都有做到，剩下的靠自己。 特烦听到'我是女生。。。'，女生生孩子就是生命的全部意义？
安徽大学的女生怎么会如此高傲？,那你是哪个大学？
安大新区学校宿舍墙体长毛是为何？,泡沫填充物发霉了
如何评价安大有戏这个公益组织？, 安大有戏最为人所知的应该就是各类攻略的发布与推广了，安大有戏做的很多攻略受到了很多人的好评。尤其是新生攻略和选课攻略极大地解决了很多人的问题，正是抓住了需求的痛点，再加上热情和专业技能，做出来的攻略确实诚意满满。   安大有戏是什么？   安大有戏是安徽大学学生自发的公益团队，致力于做有观点、有态度、高逼格的分享型公益。我们于2015年7月20日正式与大家见面，团队目前已有25名成员，来自安徽大学不同院系。安大有戏团队通过调查分析、攻略整理、信息传递、资源分享等方式为同学们奉献自己的微薄之力。    但是很多人问，安大有戏到底是什么？我会告诉他们，安大有戏是一个为大家提供信息的公益平台。公益，不在大小，在的是真诚的心意和切切实实的帮助。 公益，解决的就是公共利益问题，如果只有捐款捐物是公益，那这个世界不是太庸俗了吗。   大学生有自己能做的事情，发现了大家在信息方面的需求，就一股脑地做了起来，就是这样而已。   当然了，很多人还不太了解安大有戏，来看看安大有戏实际上到底做了什么吧。  1大事件 2015/7/20 安大有戏正式上线 2015/8/16 与©「安徽大学团委」共建的2015级新生微网站上线 2015/8/19 作为组织账号入驻©「口袋小安」，并在此后建立长期合作关系 2015/8/28 与©「安徽大学经济学院」共同制作《新生攻略》纸质版，共计4500份，在报到时发放，基本实现全校新生人手一份 2015/9/24安大有戏线下首个活动——分享家正式启动 2015/10/7安徽大学空教室查询功能上线。 2015/12/2安大有戏被邀请开通原创保护功能 2015/12/15安大助手功能重磅上线2攻略 2015/7/23 推出《新生攻略》，一夜之间占领全校各新生群、15级各院系群、各班班群 2015/7/26 推出《台湾攻略》，受到交换生的一致好评 2015/7/28 推出《社团攻略》，含有五大类社团，由安大有戏成员联系各社团整理所得，各社团简介和照片均为各社团独立提供 2015/8/1 推出《暑假健康生活指南》 2015/8/9 推出《入学攻略》，含报到攻略和军训攻略 2015/8/14 推出《选课攻略》，是安大有戏联系全校430位同学后，由这些同学独立写出的评价汇总，涵盖全校大部分公选课，共计12万4千字 2015/10/30推出《形式与政策课使用指南》 2015/11/25推出《旅游攻略》，从北至南，篇篇走心 2016/2/7推出《选课攻略2.0》，全新升级素质课与跨专业课程   安大有戏以新媒体运营和信息采编见长，为大家提供信息服务是安大有戏的目的也是动力，不断扩充着队伍，不断扩大着影响力，不断为大家提供更多力所能及的帮助，这就是组织发展的未来。  恩，是的，利益相关。欢迎关注安大有戏。  
怎样拿到安大自考法律本科学位，要注意什么？,   自考本科学士学位    要满足一下条件才可以获取。  　1.平时成绩平均分不低于65-72分。  　2.毕业论文良或优。  　3.通过国家统一组织的学位英语考试。     4.自学考试的学士学位可在毕业后一年内申请。 
安徽师范大学卡迪夫这个项目怎么样？,这种所谓的学校办学 其实大部分和国外院校没有直接合作，充当的其实只是前期的语言培训和中介的作用，本人现在已在澳村，通过中介过来的，身边也有之前在中国传媒大学的预科过来的，不会拿到和国内大学有任何关系的学历证书，语言也是出来自己学完之后考的雅思，相当于在国内院校多读一年书，提前接触部分专业知识，但对于日后出国后的学习帮助不大，但一般国内预科是设在大学内的，如果想要体验一下国内大学的生活和氛围，也可以考虑试一试。  题主现在的情况，建议确定好未来的方向，如果真的决定出国，需要提前打好语言基础和接触一些和专业方向有关的专业知识。毕竟海外的学习没有想象中那么容易，也是比较辛苦的。
如何评价安徽财经大学？,安财地处蚌埠，所以实习机会不多，这是天生劣势。但也正因为地处蚌埠，所以分数线不是特别高，是所性价比很高的财经院校，要知道全国三十余所省属及以上财经院校，只有安财和东财不在省会城市。论综合实力，全国五十余所财经院校，安财排名大概在14左右，说实话已经不低了。对于学生本身来说，读研的话，我们班有保中南财和北大的，工作的话，金融学院每年进银行的特别多，安财在省内认可度还是很高的。在多场面试中能发现，用人单位对安财的会计金融认可度不输安大工大。
安徽财经大学在华东地区的就业如何?,安财16届毕业生，很好就业，但是注意选择方向，学财务的话进企业工资不高，因为无法带来直接利益产出，建议学财务的话选择银行或建筑行业，工资水平相对较高
2017年高考安徽文科567，全省排名3763报安徽大学可以选什么专业，会保险些？,568。       3545
今年高考发挥正常，但没有达到巅峰，只能上安徽财经大学，如果选择复读一年拼一拼上财之类的211，值得吗？,很想知道你现在是复读了吗，我也是安徽考生，理科过一本线57进的安财，没有那么容易好吗
请问安徽师范大学的材料化学专业在这个学校怎么样？？,师资力量较强，实验设备较为齐全，专业实力在师大肯定是很好的，并且考研率高，但是课业负担较重，如果打算学的话会比较辛苦
安徽师范大学的环境怎么样？, 赭山校区现在只剩下三个院了，物电和化材已经在最近搬到新校区去了。现在就只剩下生科教科和音乐学院三个院，而且皖江学院的已经搬进老校区了，未来将会十分拥挤。八人间，上下铺，没有独立卫生间，厕所和水池一层楼公有，很古老的地方。没有地板砖，水泥地板。澡堂只有一个，没有隔间，也挺小的。真的进入老校区居住了几年后，什么地方都能生存了。热水什么的要去食堂边上的水房打水，开水瓶什么的经常有人炸，答主的瓶就炸过。还是挺危险的。老校区面积较小，位于市中心附近，出行购物比较方便，学校前门就是镜湖公园，很漂亮。  花津校区条件要好很多很多，四人间，上床下桌，有的寝室有地板砖有的是水泥的，主要看运气。寝室有独立卫生间，但是没法洗澡，因为没有热水器，洗澡还是要去澡堂。不太了解新校区在澡堂是什么样子的，答主是老校区的。新校区很大的，挺好看的。这边也要去水房打开水的，似乎寝室没有热水器。 
为什么华东冶金学院没有改名为华东冶金大学而是安徽工业大学？,我能讲一节高数课上，一南方同学说，填志愿时候，他以为安徽工业大学比合肥工业大学“大”，所以就来了安徽工业大学╮(╯▽╰)╭吗？
报考安大文典or留在网络与新媒体？,谢邀，文典学院出国深造机会更多，网媒更好就业。我个人看法是看你自己的打算和家庭情况，想继续深造就读文典学院，偏向于毕业就职就去网媒。当然并不是说网媒就不能保研考研，事实上这几年安大新传发展很快，国内小有名气，13级已经有两个被人大夏令营确定录取研究生了。文典学院是学校花大钱出大力想搞的精品，至少这几年学校扶持力度挺大的，机会很多。大概就是这样，有什么遗漏的想起再来。
安大附近的书店？,九龙街有一个书店，大概和体育馆相对的位置
在安徽建筑大学就读是什么体验？,咳咳，不请自来的现在17大三的建大学生… 首先我是外省的 当初高考填志愿就是奔着填建筑类专业的学校去的（什么？你问我为什么不上本省？因为我差一本线5分，省内建筑好的大学 咳咳…湖南大学 中南大学…报不上啊…嘤嘤嘤…） 懵懵懂懂报了几个学校 然后愉快的被录取了安徽建筑大学！哦，15年安徽省内一本 省外二本哈 分数要求也不低 都是靠近一本线，首先去贴吧混迹了一圈，呀呀呀！学长学姐们发的宿舍图简直惨不忍睹 晕 呀呀呀！听说男女比例7:1 晕 呀呀呀！听学校南区地理位置不太好 略偏僻 晕     抱着如此忐忑的心情报道去了 很不巧 我是最后一个报道的新生 整个院的学生会都在等我 很惭愧呀（捂脸）还有热心的学姐带路和帮忙领和提宿舍用具上五楼…感激涕零！进了寝室！天哪！好干净！没错…我到宿舍的时候大家已经打扫卫生结束了！泪流满面！亮堂堂的地板看着很是舒心啊！开新生大会！哇塞看见了许多帅哥美女啊！净化眼球（捂脸）然后我自己不太记路…所以一直以为学校很大…然后教官很帅很温柔…然后……对大学的首次印象挺不错的 原谅我罗嗦了这么多…毕竟大三狗在回忆青春（捂脸）接着呢遇见了许多可爱的朋友们！也有心动的男生！哈哈哈！除了饭菜…恩…实在不合我胃口…啊！还有学校确实有点儿小和偏…总之我对这所学校的感情还是积极向上的！既来之则安之！ 说完了生活方面 说下学习方面吧！上大学后我发现！一流大学和普通大学有个显著的区别就是师资和生源！！！老师真的很重要！（当然了我不是说建大的老师不好…没有比较就没有伤害…）浑浑噩噩过完了大一 大二自我觉醒发现我该学点东西 没错 开始逆袭了 开始自己去学习 哎呀呀 其实还是有点老师的原因 因为我很喜欢我们的流体力学老师！王造奇王老师！拥有强大的人格魅力 俘获了我的心（捂脸）一辈子都得感谢这个老师 仿佛打开新世界大门 遗憾大概是没有和老师打交道的习惯…没能在老师心中留下个好印象 呜呜呜…啊！对了 学校学风很重要 唔…弱弱的说一句 我们寝室被称为学霸寝室 哈哈哈 自豪呀！虽然我是垫底的( •ิ_• ิ)有学习气氛 比没有要好很多哟！总的来说！女生基本没有完全不学习的 (*∩_∩*)  唯一一个遗憾就是 在对的时间没有遇到对的人 没错！就是我没有找到一个志同道合的朋友！不知道大家能不能体会没有相同兴趣爱好的朋友的感受 心疼自己 自己喜欢的没有人一起分享！哎呀呀！所以在此劝告大家找朋友要找有相同兴趣爱好的 不然…像我一样…逛街没人陪 画画没人点评 跳舞没人看…再次心疼自己… 不知不觉叨叨这么多 用什么结尾呢？我想想！ 我喜欢 知春园的小花 我喜欢 九月桥的凌波 我喜欢 苏州路的落叶 我喜欢 安徽建筑大学 咳咳 拜拜君QwQ
安徽人 专科大一女生 商务英语专业 想自考安大英语专业值得吗 另外自考英语有哪些流程？,商务英语不太清楚，我今年二战安大语言学方向。
在安徽大学法语系读书是什么体验？, 没读过，但是又其它经验   一般来说决定专业（职业）“含金量”有5点  1、学校：同样的专业不同的学校差别是天上地下的  2、地域：同样的专业就业地域不同差别也是天上地下  3、个人综合素质  4、学历 整体来看  学历越高收入越高  5、行业 比如同样学中文的  进互联网行业做编辑和去传统媒体做编辑待遇差别也很大  所以不是选个“好专业”就万事大吉  说说志愿填报和职业规划的心得  选学校选专业这事说简单也简单（半小时都不用），说复杂也复杂（可以是一门课）  这个问题和跟很多因素都有关系，就看你看重哪个因素了。一般来说填报志愿最要注意三点，重要程度不分先后，因人而异。  1、城市（地域）：学校所在地城市对视野开阔，提高综合素质，特别是就业和保研有着重要的决定因素。为什么北上广成为就业地首选？为什么北上广部分211甚至一本也比部分外地985录取线还高，不就是地域优势吗。在北上广你可以获取更先进的理念，更广阔的视野，尤其是更多更方便的实习和保研机会。学IT就业地首选北京（其次是深广杭），学金融就业地首选上海（其次是京深）。  2、专业（地域）：如果你以读个好专业为第一目标，那么就不一定把目光放在北上广了。比如吉林大学的车辆工程，电子科技大学的信息工程，西南财经大学的金融学，山东大学的数学等专业都名列前茅，且分数不是太高，可以成为非北上广的选择。  3、毕业后的打算（未来规划）：这个容易被忽略，如果你毕业后考虑保研、出国、考研等，考虑综合类大学，偏远地区的985考研成为选择之一，比如兰大吉大川大等学校，这些学校的保研率和国外的知名度和认可度肯定比录取线超高的上财央财外经贸高很多。当然也要注意专业选择，理学基础类专业出国相对容易（数学 物理 化学 生化等）。如果想本科就业，那就选择专业性学校，比如财经类，工科类（特别是电子信息类）。两财一贸（上财央财外经贸）甚至南审、东财、江财、天财。两电一邮（成电西电北邮）甚至杭电，这类学校目前就业形势不错，起薪也挺高。  特别注意（理性看大学排名）：现在学校排名基本依据综合实力和学术能力等，有时候对部分本科就想就业的同学参考意义不是特别大。比如中南大学、吉林大学、山东大学、四川大学等排名很靠前（10—15），但是录取线却在25—35之间，为什么呢？因为这些学校门类齐全，比如文理法工农医都有，综合实力比较强，因此得分较高。但这些专业很多都是冷门，就业不太有优势，因此录取线不是特别高但排名很高。不过有一点害的还要注意，虽然这些学校录取线不太高，但优势专业录取线却依然很高，比如电气工程录取线为380分（江苏），机械工程可能才359分（江苏），所以不能因为最低录取线而轻视优势专业的录取线。  选专业这事说大可大（可以算是一门学问），说小可小（比如听邻居说谁学了什么专业不错就填了）。个人觉得虽然有那么一点点的运气成分，但如果想把握精确一些还是需要做一些功课的，可以划分步骤。  第一步就是了解有哪些专业（不一定都要了解，可以缩小范围在你感兴趣的范围内查询），这些专业大致学什么，干什么的。这里有个资料讲的有点参考价值。注意区分名字相近但其实差别很大的专业。   【选择专业】大学专业分类详解（非常非常重要！）（已发）     第二步就是确定方向（比如是财经 法学 管理等），确定这个主要依据几个因素  1、 本科是否就业：如果想本科就业，可以考虑实用性比较强的专业，比如会计、车辆工程、电气工程。如果是想深造和出国，可以考虑理学（指基础学科数学 物理等自然科学，大气科学等）这些专业相对来说申请学校容易些。  2、 个人秉性：比如如果热情活泼开放能吃苦可以考虑销售、管理类专业，如果内向，热爱技术可以考虑计算机 软工 电子类专业。女孩一般适合文科类专业，语言类也不错。  3、发展方向：比如将来想进高校研究所等，可以考虑理学类。  第三步了解具体专业（行业）  可以看看类似这种资料（知乎：不同行业的真实工作是怎样的）   不同行业的真实工作是怎样的？ - 调查类问题   我觉得做完这功课可以基本上对专业有个把握了，避免读了大坑专业，或者孩子完全不喜欢的学起来很痛苦还要转专业的专业（转专业也不容易的，不同学校要求不同）  以上为个人见解 仅供参考    更多信息关注公众号“老杨聊志愿填报和职业规划” 
大学寝室安徽室友说话大声 方言难听 爱说脏话 怎么办？,作为一个来东北求学的安徽人，贯穿了半个中国，认识了大半个中国省份的人，我发现罕有省份日常方言不带脏字。说脏话你可以规劝室友不要说脏话，就像楼上说的，你点名道姓特指某个省份，好像说脏话是这个省份的特点，就是无理取闹了。只希望你客观看待问题，不要把一个人的问题上升到一个群体，每个群体都有高贵和卑贱。
想学计算机，杭州电子科技大学和上海理工大学和安徽大学哪个比较好？,谢 @姗姗 邀，我来看一下评论区一致说杭电啊。作为一个长，呸，安大计科院的学长。我来谈一点人生的道理。大学是一个主要靠自学的过程。你的学校只是你的一个平台。如果你想做程序员，想做码农很简单嘛，看你自学能力啊。现在无非是对比哪个平台更好而已。  安徽大学计算机科学与技术学院成立于2004年，其前身是1984年成立的安徽大学计算机系。在三十多年的建设发展过程中，学院坚持以本科教育为中心，大力发展研究生教育；坚持“三基并重、全面发展”的原则，注重培养符合社会需求的高素质人才；坚持师资队伍建设，注重学科优化，突出学科优势，不断提高教学科研水平；坚持对外合作交流，保持与国内外著名高校的密切联系。      学院现设有计算机科学与技术、软件工程、网络工程、信息安全、数字媒体五个专业。学院师资力量雄厚，结构合理。现有在编教职工101人，80位专任教师中有教授18人，副教授及相当职称25人；具有博士学位的教师达68人，35岁以下占35%。教师中有国务院政府特殊津贴获得者1人，国家千人计划特聘教授1人，皖江学者特聘教授2人，安徽省学术与技术带头人2人、后备人选3人，安徽省高校学科拔尖人才2人，安徽省高校中青年学科带头人培养对象5人。      学院现有各类在校全日制学生1900余人，其中博士生25人，硕士生近400人，本科生1500余人。学院重视培养学生的创新能力和实践能力，组织学生参加“挑战杯”、国际和国内数学建模竞赛、模拟机器人足球赛、ACM软件设计大赛和国家网络信息安全比赛等多项科技活动，获得国际国内奖项十多项。 学科及学位点建设      学院拥有“计算机应用技术”国家重点学科；建有“计算智能与信号处理”教育部重点实验室和教育部“互联网应用创新开放平台示范基地——电力系统红外图像安全监控网络平台” 和安徽省“工业图像分析与应用重点实验室”；设有“安徽大学人工智能研究所”；拥有“计算机科学与技术”国家一级学科博士点和“计算机科学与技术”博士后流动站；拥有“计算机科学与技术”和“软件工程”两个一级学科硕士学位点及普通高等学校教师硕士和“计算机技术”工程硕士的招生资质；拥有“计算机科学与技术”、“软件工程”、“网络工程”、“信息安全”和“数字媒体技术”五个本科专业。 科研成果    近5年来，学院荣获的奖项有：国家科技发明二等奖、国家级教学成果二等奖、安徽省科学技术二等奖、安徽省科学技术三等奖等；承担的项目有：国家科技支撑计划、长江学者创新团队发展计划、国家自然基金重点项目、教育部重大项目、国家863项目课题、总装备部国防973课题、国家清史编纂委员会清史图像专家应用平台、安徽省科技攻关项目等；在顶级期刊与会议上发表的近20篇论文，在光谱分析国家重大科技仪器研发、公共安全视频分析领域等关键领域得到了应用；获得的质量工程项目有：国家级“双语教学示范课程”、 国家创新人才培养模式实验区、国家特色专业建设点、安徽省高等教育振兴计划等。 学术交流与合作      学院注重加强与国内外高校和科研单位的学术交流，建立并巩固与清华大学、南京大学、中国科学技术大学等国内著名院校的交流与联系。先后与英国York大学、英国Greenwich大学、美国加州大学San Diego分校、加拿大Alberta大学、加拿大温莎大学、美国堪萨斯州立大学、澳大利亚Swinburne大学、台湾成功大学、台湾逢甲大学、台湾中兴大学、英国电信（ BT）公司、澳大利亚New South Wales大学、新加坡南洋理工大学等高校和单位建立合作，逐步扩大交流范围和深度，为学院的发展寻求更为广阔的空间。  　（杭电）计算机学院是在1980年设立的本科计算机专业的基础上发展起来的。1980年9月开始面向全国招收了第一批计算机应用专业本科生，1981年开始招收计算机应用技术硕士研究生。1984年5月设立的电子计算机系。2000年7月，为适应信息学科快速发展的需要，成立计算机学院。2001年7月，经浙江省教育厅批准，以计算机学院为依托，成立浙江省省属高校第一家软件学院。2002年7月软件学院独立建制。2004年10月，计算机学院与软件学院合并，组成新的计算机学院。2009年12月，学校决定在软件学院的基础上成立软件工程学院。2015年3月11日，撤销计算机学院、软件工程学院，成立新的计算机学院。同时成立软件学院，计算机学院和软件学院合署办学，实行“一套班子、两块牌子”。  　　1993年获得计算机应用技术硕士学位授予权，1998年获得计算机软件与理论硕士学位授予权，2003年学院获得计算机技术、软件工程两个领域的工程硕士学位授予权，2005年获得计算机科学与技术一级学科硕士学位授予权和二级学科计算机系统结构硕士学位授予权。2000年计算机应用技术成为省重点学科，计算机软件与理论成为原信息产业部重点学科，2004年计算机科学与工程成为浙江省重点学科（A类）。2008年计算机应用技术成为浙江省高校重中之重学科，2009年获得计算机科学与技术一级学科博士学位授予权立项建设。2011年8月经国务院学位委员会批准，软件工程获得一级学科硕士学位授予权。2012年1月依托一级学科计算机科学与技术增设两个目录外二级学科：物联网技术、数字媒体技术（2013年开始招生）。2013年7月计算机科学与技术成为博士学位授权一级学科(2014年开始招生）。  　　目前学院拥有计算机科学与技术（1980年）、软件工程（2002年）、网络工程（2004年）、物联网工程（2012年）等四个本科专业，其中“计算机科学与技术”是国家特色建设专业、国家管理专业、浙江省重点专业、浙江省本科院校“十二五”优势专业建设项目；“软件工程”是国家级卓越工程师教育培养计划专业、国家级高等学校特色专业建设点专业、浙江省“十二五”优势专业、浙江省计算机类专业培养服务外包人才试点专业、浙江省普通高校重点专业；“网络工程”是浙江省“十二五”普通本科高校新兴特色专业。。  　　学院拥有一支结构合理、具有较高学术水平与研究能力的学科梯队，现有教职工170余人，专任教师140余人，其中博士生导师20人、教授39人(其中特聘教授4人)、副教授50人、具有博士学位教师111人、硕士学位教师48人。学院拥有中组部国家“千人计划”引进人才1人，教育部“新世纪优秀人才支持计划”1人，浙江省高等学校“钱江高级人才”（特聘教授）2人，浙江省“百人计划”1人，浙江省千人计划3人，浙江省中青年突出贡献专家1人，教育部“优秀青年教师资助计划”1人，浙江省“151人才工程”一层次4人，二层次2人，三层次10人，浙江省中青年学科带头人7人，浙江省教学名师1人、浙江省优秀教育工作者1人。学院建有下沙、下沙东两个校区，现有在读本科生2800余人，研究生400余人。  　　在长期的办学过程中，学院始终致力于培养德智体美全面发展、具有创新精神和实践能力的高素质人才。学生在“ACM国际大学生程序设计竞赛”、“浙江省大学生程序设计竞赛”、“挑战杯”全国大学生课外学术科技作品竞赛、“数学建模”、“电子设计”、“全国嵌入式系统竞赛”、“浙江省大学生多媒体作品设计竞赛”等国内外学科性竞赛中连创佳绩，展示了很高的基本理论和基本技能水平、良好的创新能力和综合素质。我院学生2001年以来连续10多年获得“计算机世界奖学金”，近三年400多位学生获得国家颁发的系统分析师、软件设计师或网络工程师证书。毕业生基础知识扎实，动手能力强，考研录取率高，就业质量好。  　　学院建有国家级计算机实验教学示范中心，该中心已成为一个具有坚实的学科基础、先进的实验教学体系、一流环境的实验实训教学基地和工程创新能力培育基地。积极开展教育教学改革工作，获得国家教学成果二等奖5项、国家特色专业2个、国家级卓越工程师教育培养计划专业1个，国家级精品课程1门、浙江省教学成果一等奖5项、浙江省精品课程3门，浙江省高校人才培养模式创新实验区1个。学院还与Google、EMC、阿里巴巴、东忠等国际、国内知名企业广泛开展人才培养合作。 2008年“计算机基础课程”教学团队成为国家级教学团队，2009年“传感器网络创新团队”成为浙江省重点科技创新团队，2011年“面向行业的嵌入式关键技术研究创新团队”成为浙江省重点科技创新团队。2012年3D产业关键技术成为浙江省重点科技创新团队。2012年《计算机组成原理与系统结构》入选首批“十二五”普通高等教育本科国家级规划教材。2012年5月计算机科学与技术获浙江省本科院校“十二五”优势专业建设项目，2013年“计算机组成原理”国家级精品课程入选国家级精品资源共享课，2014年9月“网络工程”专业获浙江省“十二五”普通本科高校新兴特色专业建设项目立项。  　　学院拥有教育部“复杂系统建模与仿真”重点实验室、原信息产业部计算机应用技术重点实验室、浙江省嵌入式技术联合重点实验室、浙江省网络媒体云处理与分析工程技术研究中心、浙江省国际合作基地“人机物联技术”、浙江省物联网科技创新服务平台、财政部专项资助的虚拟现实实验室、网络教育技术实验室和电子政务实验室等等优良的教学、科研与创新平台，参与建设省部共建的检测仪表与自动化系统集成技术教育部工程研究中心，并与德国Fraunhofer公司、Google公司、SavaJe公司等国际知名的研究机构和企业建设联合实验室或研究中心等。  　　目前本学科已构筑了完整的学科体系，计算机软件与理论、计算机应用技术、计算机系统结构三个二级学科的基础研究与应用研究实力较强且互为支撑，图形图像与虚拟现实技术学科方向富有特色，研究内容以国家与浙江省经济社会发展和国防建设的战略需求为导向。重点在云计算与虚拟化技术、物联网与CPS、认知计算与生物信息学、高性能嵌入式计算与实时系统、虚拟现实与图形图像处理等5个学科方向上开展研究。近五年来主持和承担了一批国家自然科学基金、“973”前期专项，国家“863”、“973”子课题、军事电子预研基金、电子信息产业发展基金、国防重点实验室基金和浙江省重大科技专项等项目，研究成果获国家技术发明奖二等奖1项，浙江省政府科学技术奖一等奖1项，二等奖2项，三等奖4项等。目前一批研究成果为我国信息产业的发展和浙江省经济建设作出了积极贡献。  　　学院进一步加强与国内外高校与研究机构的交流与合作，与德国Fraunhofer IMK媒体研究所、德国安哈特应用工程技术大学、爱尔兰都柏林城市大学、香港城市大学、香港科技大学、台湾逢甲大学、美国乔治亚大学、法国巴黎十三大学等科研院所、高校建立了良好的合作关系，受聘我院兼职教授达20余人，来学院讲学、交流与合作的海内外知名学者逐年增多，同时学院支持青年教师赴国内外高校访问与进修。近五来学院举办或承办国际学术会议10余次，在学生交流、学术交流、联合办学等方面取得良好的成果。  以上是从各个大学计科院的官网复制的。 对比上面平台。你自己看看情况。 说地理位置的我差点笑了。您是来搞笑的吗？ 还匿名不敢正面说。特标安徽人我就呵呵了。 首先，你要想有更好的发展，应该是会选择考研保研，安大与科大有联系，更和科大讯飞合作。保研科大会简单一些。想出省，想去名校看你自己的努力，看你自己在大学里面的学习能力，可能会影响的无非是师资力量。那是上面平台的对比。说合肥什么环境不好的，就请你收回拙劣的辩论了，你大部分时间是在学校里的，偶尔才会去一次市里，学校环境我敢拍胸脯说，安大的环境是很不错的。设施也很好，老师也很好。周边环境都还可以。至于说什么杭电acm强，人家从高中初中小学就开始学编程，你上你也行。这些只是针对人，不针对学校平台。 更何况，好说歹说安大也是211，男女1比1，合肥早就有爱在安大这一说法，你说呢？ @姗姗 
三本生，英国诺丁汉、约克研究生还是安徽大学研究生？,謝邀，樓主需要結合自己的本科GPA還有你得學校是哪個大學的獨立學院，國外會參考校本部的水平來評估你。如果GPA和本部比較好，英語不錯，家裡支持你去國外，那建議你去英國。英國的兩所，建議去諾丁漢，回國知名度高一點。如果GPA和校本部水平不行，那建議考研，因為考研錄取參考中大學均分占比很小。 Good Luck！
在安徽建筑大学当学霸是一种怎样的体验？,2017-7-8 大三下学期期末，出了每门课期末考试的小葵花复习书，希望大家都能及格。其实给室友复习，渐渐成了一种习惯，不希望他们都能好好复习，只求大家最后毕业不要想起那时候哪门课没过，导致不能毕业，总而言之，一切都好!引用，三傻的话希望 all is well !!   2017-1-17   可以在学期末，给一寝室的室友讲课，而你需要做的就是之前，复习2-3周。
冶金工程就业前景怎么样？我是安徽工业大学的,我也是安工大，找工作挺简单的，就是工作环境不同
安徽大学怎么样啊？,安大到底有多“烂” 有些人很讨厌自己以前生活过的地方，因为有了更好的去处。  几个室友保研去了985。 其中一个保去了科大，此后就一刻没有停息过的抨击安大。“女人多的地方是非多，安大女生多，学习氛围和科大简直不能比，一些女生穿的样子晚上都不知道是去干什么”、“不是我保研去了科大就说科大好，安大真是垃圾中的战斗机，211里面就数安大垫底” 、“什么。湖北大学，山西大学，没怎么听过，反正比安大强，哈哈哈”...等等。 说起自己的家乡，也称“打死我也不会回到那个小地方，死也要死在某某大城市”…  她们也不是个别，其实我们整个班同学，从一踏入学校，就没停止对自己专业和学校的嘲笑。每当听到那句“国内一流，国外知名”的话，我们都笑抽了，哈哈哈，还国内一流…只不过后来有的人通过自己努力，保研去了人大浙大等，甚至有的还跨专业考上了北大的金融相关专业。  但安大不强确实是个事实；大学以后人分出了三六九等，有的人混的很好，有的人混的很差，这也是事实了。 还不都是凭个人能力么，没什么好说的。 之所以觉的不舒服，我之所以写这个帖子不也是因为自己没有考到更牛逼的学校么…在这里唧唧歪歪 想来，那些真的出色的人也不会计较这些。  只是，算是作为一个弱者吧，类似于我，或者安大，混的不是很好的这么一个角色， 作为一个曾经和“你”相处过的人，作为曾经给你提供大学四年生活学习的地方，为什么连一点点离别的尊敬都不会给。 你后来有了好去处，也是在安大图书馆挑灯夜战的无数日夜造就的， 虽然主要靠的是自己的努力，但它也是默默陪伴，容留你，供你日后腾达的基石地， 为何你要这么唾弃它？ 为什么连你最亲近的人，朝夕相处的室友都不诚心相待，而要去关心那些毫无关联的人？ 对其他人倒是表现出礼貌的样子，回到寝室却什么也容忍不了？  也许是没有资格说的人，我也是一个小肚鸡肠的人。 但是如今这样严格优胜劣汰的世界，只会逼着人自私。  不是说安大有多好，安大本来就不是什么名校！ 只是针对那些要毕业了，把安大骂的一文不值的人！ 有的人一直认为xxxx，那么牛逼怎么就只达上个安大，安大和名校的分数差距不是一点点吧 一所在一本分数线附近徘徊的学校（除了少数高分专业外），“你”怎么不说当初多错1、2题连安大也上不了！ 后来有差距，是靠自己的努力！ 当初“你”没填上这个垫底的211，那就连所谓保研外校的资格恐怕就没有！ 说全靠自己能耐，有能耐就去考呗，是金子在哪都发光不是吗！ 最后保研了，就忙不迭的更加嘲讽安大：“大学是场噩梦，我现在只憧憬研究生的生活”之类 还有一些失意的，直接说是安大把他毁了， 呵呵呵   骂它什么什么地方不好无可厚非， 作为排名靠后的学校，烂也有烂的理由。能指望安大事事让“您”满意，和北大一个管理水平？那也不是安大了吧！ 只是作为自己的母校， 离别时稍微有点尊敬好吧！ 骂的和狗屎一样，只能说“你”以前的水平也就是渣渣吧！
安徽师范大学的ABC模块学分没满，会影响毕业吗？,没事的，我以前到大三了，C模块就只有0.几分，还不是顺利毕业，唬人的
安徽财经大学校歌是什么？,安财并没有校歌，目前来讲。 55周年得时候，学校挺重视，请了两位作曲家（我现在已经不记得名字了）来学校考察，想请他们写一首校歌。当时搞了个座谈会，党委宣传部部长张老头主持的。机缘巧合我也去了，美其名曰学生代表。 说了一堆有的没的，到今天也没见到校歌…… 如果你是小我好几届的学弟或者学妹，说不定你将来能听到~
高考志愿填报安徽文科217名，武大还是南开？综合类大学还是专业类大学？,哈哈哈，贵开学子改回答、删不利评论的水平简直无人能及啊。有胆量把自己原始版本的评论留下吗？有意思也是［手动斜眼］ ——————————————————————————— 点名  @Lawrence Wang  1、这位南开同学开始就对武大加以谩骂和嘲讽来凸显贵开的优秀，被指出后删除自己的辱骂性语言； 2、该同学删除评论中对南开不利的评论，虽然这些评论都是客观真实的；还有就是，据一位上财的同学@ Harris 反映，这位上财的同学点评了一下南开，结果被这位南开的同学追着骂。大家难道想和这种南开的同学做同学吗？ 3、该同学将自己对武大的辱骂性语言删除后，改说南开生源质量高武大1-1.5档，关于这点，我表示并不同意。基于以下3点：      （1）文科，南开在大多数省份的投档线低于武大；      （2）理科，即使南开分数高，也不会高的很多，并不能形成明显的差距；      （3）南开每年招生不到4000人，武大每年招生近8000人，我想，真正要对比生源质量应该拿进武大的前4000名来跟南开对比才合适吧；并且，在现在武大招生人数近南开2倍的情况下，大多数的省份文科投档线高于南开，理科也与南开差距并不大；我想谁的生源优劣，大家可以想清楚吧？说实话，高考分数差距十几分的同学之间实力往往没有什么差距，非清北的学校差距也不是很大，关键是自己在大学如何学习。我想，读完大学的同学都会有这种体会吧。 4、该同学还列举了最容易出国的十所学校，但是并未给出来源和具体数据。我想，出国情况最有说服力的还是教育部，教育部教育涉外监管信息网据显示，国内出国留学最多的十所大学分别是：浙大、武大、中山、北大、同济、复旦、上交、清华、人大、南大，并没有南开，具体数据可见教育部教育涉外监管信息网育，想省事也可查看： 教育部:出国留学人数最多的10所中国大学!-搜狐    5、关于该同学给出的新生质量排名，这个排名取自最好大学排行榜，这个排行榜的发布机构的介绍见：  高考志愿填报安徽文科217名，武大还是南开？综合类大学还是专业类大学？ - 匿名用户的回答 ，看完这个我想大家能知道是怎么回事了。  上面是我对该同学言论的反驳，下面我们来分析一下@ @Lawrence Wang  这位同学： 1、该同学出口便是侮辱性的话语，可见其并不是一个懂礼貌的好同学；追着骂人说明其不仅仅是不懂礼貌，更易怒，情商低。我猜这是一名南开的低年级学生，要是南开高年级学生还这个样子的话，那我真的得对贵开刮目相看了； 2、他的回答充满着偏见，字里行间看不起其他的学校，说明该同学心气过高，只可惜实力配不上心气，只能搞得自己白白受气；总想通过证明南开是多么的优秀，以此来证明自己优秀，可见在他在现实的学习生活中并不优秀，并且缺少自信。 3、他所说的内容，缺少恰当的数据支撑，更谈不上数据权威的信息来源支撑，然而他却想拿这些东西来当作论据，可见其分析判断、论证的能力一般，没有经过科学的培训，根本都不知如何写让人信服的东西，更不用说写paper了。  上面说了这么一些，其实，这些都不是重点，重点是我更想问一下@ @Lawrence Wang  这位同学： 你真的是南开学生吗？确定不是来黑南开的？？？ 
在安徽师范大学音乐学院就读是种怎样的体验？,安师大音乐学院，虽然说在安徽是音乐专业最好的，有自己的交响乐团和合唱团，但是音乐教育专业总体来说什么都学，但是什么都学不精，音乐表演专业课会稍微少一点，专业课会比较多，还有在安师大音乐学院的学生，都知道视唱练耳老师，比较严厉，但是在老校区吧，比较破，还有琴房在越来越多的扩招之后，根本不够用，一到考试的时候，就排队排的特别长，自己的专业想要学好，一定要找到适合自己的导师，这一点比较好，大二的时候可以自己选老师，自己和老师联系，可以换导师的   最后，安徽师范大学音乐学院欢迎您
像安徽大学，河北工业大学这样的211是不是不如一些普通一本？考研，出国几率大吗？,三年前考上安大的时候，和你想的一样。后来我花了三年才想明白。 1. 个人的努力最重要 。 2.绝大多数一本学校所能提供给你的师资、设备，完全能满足你的学习能力和欲望。本科你很难接触到很深的理论和技术，对师资和设备要求没那么大。不论在什么学校什么环境，硬件软件都无法成为你失败的借口。 个人的努力最重要 。 3.关于出国，主要看个人，加分项上：985&gt;211&gt;普通本科，；关于考研，难不难看个人，考到好学校与别人是否有差距也看个人。 个人的努力最重要 。 2、3基本是废话，我想说的只有1。 真的不是给你灌鸡汤。 就以安大为例说说吧，因为本人就在安大上。 安大不好么？就业的说不清好坏，就说深造的吧。大我一届的学长申请到华盛顿大学计算机的offer（华大计算机全美前五），一起做项目的学长去了IBM，化院一妹子大一就开始发论文还没毕业就拿了常青藤的全奖offer，一个学霸寝室四人全部保送清北读研，光我认识的比我大一届的就有不下二十个要么全美前一百的offer要么保送国内985要么去了BAT，至于其他更多我不知道的就不多说了...一届5000+，保研985+出国 学校比较好的，没有300+也得有200+，再加上考研上985的。可别说没给你机会往高处走啊。 安大好么？我们班最狠的一次三分之二的人有挂科，我们院每年近十分之一的人挂科严重到无法毕业，有的课老师要靠一节课点两次三次名来留人，随便进个男生寝室都是在LOL。 前阵子还在知乎上看到有人回答“被清华退学是怎样的体验”，主人公沉迷游戏挂科严重，被清华退学了。 我觉得对于你的问题以上已经解答的很明确了。 你是怎样的人，全看你自己。  突然想到一个亲戚，从小就不是省油的灯，去网吧，打群架，离家出走，什么大事情都搞过，高中都没考上，一直是家族的反面教材。最后去学体育，考了一个专科。后来不知道怎么突然醒悟了，开始发了疯一样学习，就像老套励志故事的情节，自己在省城租房子，年三十都是在出租屋里背书度过的，一直到考完才回家，最后考上了一个二本的本科，然后拿奖学金，专业第一，今年考研，听说考上了西南财经。 能给的建议就是，不论你在什么学校，想出国，你就好好刷绩点学英语做项目发论文；想读研，你就好好刷绩点学好专业课争取保研，真要考研的话，你要是个有恒心的人，半年足够，别被图书馆那些早出晚归天天在朋友圈打鸡血的人吓到，你去图书馆坐那随便找个人盯一天，看看他有效学习时间是多少你就有数了；想找工作就多找实习，发传单服务员什么的就算了，你听那些资本家忽悠你说磨炼意志，其实他就是想要廉价劳动力。 最后，如果大学四年你觉得能你的付出能对得起自己想要的，你就能赶上985的学生了。 有些跑题，但如果你真的能想明白这些，事已至此，你就真的没必要纠结那些问题了。就算我说“不如”，“几率不大”，“赶不上”，你就放弃了么？ 祝好
安徽工业大学，东华理工大学和安徽建筑大学的电气工程及自动化中哪一所放第一志愿？,安徽建筑大学
安徽师范大学？,  作为安师大的学生，碰到这样把食堂餐盘用完堆在宿舍门口，也不送回食堂，弄的满楼道都是味道，这种人的素质真的是够了！
福建师范大学和安徽师范大学哪个好？, 我正在搜安师大和福师大哪个好，因为我姐说福师大比不上安师大，我很不爽。因为她是安师大2002的，我是福师大2012的。大家基本上平起平坐，我跟我同学还说这个，福建同学还看不起安师大的。我只知道，福师大的工科理科一般，文科，经济学院，音乐学院很棒。看你心情吧。还有就是，福州真的很干净，榕城嘛，还是省会。之前我上高中，天天早上新闻，清新福州，有福之州。不过有一点我羡慕安师大，出门就是市中心，福师大本部在山沟沟里，外面就一条破学生街，女生倒是逛得不亦乐乎，去市区坐至少半小时车，还有什么就继续问我吧。      有人来问我们学校的情况了：我觉得，师大的 外国语学院，经济学院，某些文科专业，体育学院，音乐学院，都很好。谢谢。 我是软件学院的。数计学院也不错，嗨便宜。微信qq都是981971530. 欢迎提问，欢迎选购。谢谢光临，欢迎下次光临。（贱笑）==。。。。 
安徽大学新闻传播学院的研究生怎么样？,作为新传学院的本科生来答。全国排名前20。师资力量挺强的。带头人是芮必峰老师。大多数新闻理论和复旦是一个方向的。因为大多数老师也是复旦研究生或者博士。具体发展要靠个人，如果以后真想从事学术研究，还是去top10比较好。
安徽建筑大学土木就业如何？,利益相关:15届安徽建筑大学工程管理 管理学院和土木学院的关系还是很不错的，所以我对于土木学院的一些了解也还可以，加上家里也和建筑相关，所以在这里给大家说一下土木专业的就业情况或者是有关安徽建筑大学土木工程的问题。 先占坑，慢慢更 这是今年13级土木工程的学长对于今年土木工程的就业的一些看法，准确点说是:比上不足比下有余。指的是在土木专业，安徽有合肥工业大学，所以并没有特别优先的排位，但是又由于安徽建筑大学以土建专业为特色，土木专业又是安徽建筑大学的六大王牌专业之一，所以在就业上还是有一些优势的。  
